1 	%hadafemalehouseholderwithnohusbandpresent,and36.
1 	(July1
1 	),res
1 	),theco
1 	,allowed
1 	,sonof
1 	,whereS
1 	-digit
1 	1.2%of
1 	11.2%
1 	92â€
1 	;and2
1 	Border
1 	Hastings
1 	Model
1 	NewJersey,
1 	NorthVietnamese
1 	Sata
1 	Sinceit
1 	Sullivan
1 	Thenumberof
1 	an,tr
1 	andtheRoman
1 	andtheaveragefamilysizewas2.98.
1 	andwasn
1 	astheresultofthe
1 	atBo
1 	atecr
1 	atingor
1 	canbeseena
1 	chester.
1 	citizensof
1 	cuisine
1 	dcrim
1 	ecommonin
1 	edbytheBe
1 	eforemo
1 	emberand
1 	en'ss
1 	ent,de
1 	eobjects
1 	eopinion
1 	epeoplea
1 	erperc
1 	ersinthe1
1 	ertoan
1 	esports
1 	estpla
1 	eswasthe
1 	etachment
1 	etransitions
1 	filth
1 	foremost
1 	formedin1
1 	ger",
1 	heprimeminister
1 	hewasappointed
1 	incean
1 	ineap
1 	integri
1 	isahigh
1 	itiesd
1 	iveRe
1 	links.
1 	long.
1 	lrest
1 	lyfin
1 	materiala
1 	mentProgram
1 	milesnorth
1 	mission,
1 	mwithout
1 	nallinks
1 	nchec
1 	ncludingtheG
1 	ndSenator
1 	newould
1 	ngeto
1 	nhope
1 	ntsuccess
1 	nwell
1 	oHan
1 	oasi
1 	odivi
1 	oftheAu
1 	ofâ€
1 	onPer
1 	onbehalfof
1 	ontheband
1 	ontopof
1 	osefor
1 	ousth
1 	peak,
1 	publicm
1 	rcode
1 	redtoma
1 	rgerm
1 	sanadult
1 	sarecalled
1 	sideas
1 	sinj
1 	sitwasa
1 	slavesw
1 	tablets
1 	tcommemorat
1 	ternalli
1 	teâ€
1 	thatlea
1 	theGreen
1 	theVietnamWar.
1 	thecountyseatofB
1 	thedel
1 	thefirstS
1 	theircon
1 	theroo
1 	tobalancet
1 	ton,d
1 	tplayer
1 	twassu
1 	twithc
1 	unabletop
1 	unnar
1 	ureofdi
1 	valuesof
1 	wasappointedt
1 	wounds
1 	yinS
1 	ylevel
1 	ywereso
2 	'ssh
2 	,Europe
2 	,foundedin
2 	,whilethec
2 	8,hebecame
2 	Atthetimeof
2 	Brab
2 	OnJu
2 	Princeof
2 	Shiva
2 	Theas
2 	a'sfirst
2 	aGi
2 	almovement
2 	ameet
2 	and195
2 	andanimal
2 	andembr
2 	andthein
2 	anmilit
2 	anyor
2 	aparty
2 	artgalleries
2 	arty,
2 	aswellasthec
2 	ativeme
2 	barbe
2 	bedre
2 	beenshown
2 	beforetheco
2 	beseenas
2 	ceivedi
2 	ctav
2 	denu
2 	dethem
2 	dfrom19
2 	discriminat
2 	drunk
2 	dsende
2 	eMary
2 	econservative
2 	edagri
2 	edami
2 	elthrough
2 	emadeth
2 	encountered
2 	eproviding
2 	erindustr
2 	erlocal
2 	ermay
2 	eschoolwas
2 	eshasbeen
2 	esintheb
2 	esofP
2 	esofsu
2 	esoftheA
2 	exhibited
2 	eyears.
2 	ghere
2 	hangh
2 	hasst
2 	heBeac
2 	hepopulationwas1,
2 	icfro
2 	ies,su
2 	ikewa
2 	iles,
2 	inMin
2 	ing),
2 	ingmunicipal
2 	inspiri
2 	istrict,w
2 	itisp
2 	knownforthe
2 	larsha
2 	lateral
2 	locatedwithin
2 	lthroughthe
2 	mi-r
2 	militia
2 	mingr
2 	nators
2 	ndhast
2 	nicp
2 	ntwasa
2 	oCou
2 	ocomple
2 	ofpsycholog
2 	ofscien
2 	onal.
2 	orcoo
2 	orelect
2 	pneum
2 	posed.
2 	producef
2 	r,while
2 	ralway
2 	randA
2 	roundh
2 	sandsc
2 	sflight
2 	sing,a
2 	slanders
2 	slimitedto
2 	statues
2 	stodi
2 	strengthen
2 	swasfo
2 	tedagain
2 	tedagainstthe
2 	thandle
2 	that"the
2 	theareain
2 	theband's
2 	thebandc
2 	thecity,
2 	theneigh
2 	tionve
2 	tives,
2 	todefine
2 	toftheH
2 	tplaya
2 	tregard
2 	ttrain
2 	ty,it
2 	ualh
2 	us"),
2 	utely
2 	vesthem
2 	viceo
2 	victed
2 	ypolitic
3 	,dependingon
3 	1952,
3 	8.8%of
3 	Bach
3 	Gordon
3 	Helicopter
3 	In2003
3 	Islands.
3 	Parkis
3 	Reagan
3 	Scotland,
3 	Thefour
3 	Thunder
3 	acie
3 	ahard
3 	andcoo
3 	andsco
3 	ant(
3 	approache
3 	ardas
3 	artillery
3 	atedits
3 	ationcanbe
3 	ators,
3 	aycon
3 	campaignt
3 	confidence
3 	cooking
3 	d,anda
3 	dethat
3 	dola
3 	donotre
3 	ebecamea
3 	eculture
3 	edtobethe
3 	eofWi
3 	eoffu
3 	eorganization
3 	ereali
3 	eredtoha
3 	esoverthe
3 	etheci
3 	featuresofthe
3 	from196
3 	halfa
3 	havemade
3 	henthep
3 	heplace
3 	herro
3 	holdingthe
3 	htore
3 	icting
3 	idpr
3 	igand
3 	ight"
3 	ightsi
3 	inwhichs
3 	isinher
3 	kSta
3 	ldingth
3 	leisth
3 	mically
3 	naming
3 	ndandt
3 	nesda
3 	nsfromthe
3 	nspect
3 	oaches
3 	ofaper
3 	ofhisi
3 	ofothers
3 	ondep
3 	oninte
3 	orstr
3 	provedthe
3 	rd,wh
3 	reformed
3 	revival
3 	ricanan
3 	ride"
3 	risoners
3 	rofO
3 	roftra
3 	rsforthe
3 	rtoan
3 	rtoe
3 	rversion
3 	sdevelopment
3 	seight
3 	servest
3 	sfrom19
3 	sinvolving
3 	sound,
3 	southofthe
3 	sthant
3 	swasthef
3 	swerebr
3 	terandthe
3 	thdist
3 	theuniversity
3 	thhu
3 	thoughto
3 	ting,t
3 	tingag
3 	tmill
3 	tohold
3 	tosom
3 	treatmentof
3 	ts).
3 	tsduringthe
3 	tsenti
3 	ttheri
3 	twoother
4 	)pro
4 	,East
4 	,cultur
4 	,war
4 	America's
4 	Barnes
4 	InAugust
4 	Manhattan
4 	TheGerman
4 	ainsw
4 	alstatu
4 	anCounty
4 	andSouth
4 	andthePa
4 	anwe
4 	arationof
4 	arethere
4 	ayinthe
4 	catch
4 	criminal
4 	dach
4 	datab
4 	dlesc
4 	dsent
4 	eandan
4 	edthemto
4 	el,wh
4 	elector
4 	enttr
4 	eofse
4 	erafter
4 	ereaso
4 	etach
4 	etsha
4 	foras
4 	foremo
4 	forthe20
4 	gandin
4 	hePrince
4 	hespor
4 	hriv
4 	hundredsof
4 	iante
4 	icepr
4 	icmi
4 	in"S
4 	ingtof
4 	ionagain
4 	iontor
4 	ithfi
4 	kala
4 	kedo
4 	legislation
4 	lingand
4 	longr
4 	loose
4 	lumber
4 	lystr
4 	measureof
4 	middleschool
4 	millions
4 	miths
4 	nasmall
4 	nsofthec
4 	ntfromthe
4 	ntheal
4 	ntheprovi
4 	null
4 	ocau
4 	ofthecompany
4 	ofthegame
4 	ordering
4 	ral.
4 	rebra
4 	rhuman
4 	ropolitanStatisticalArea.
4 	sconvert
4 	severalr
4 	spropos
4 	sterCo
4 	tedbu
4 	thedomina
4 	theneed
4 	thepractice
4 	theprovinceof
4 	thers"
4 	thewestern
4 	tionbythe
4 	ttinga
4 	turein
4 	uesof
4 	utest
4 	versionofthe
4 	vingan
4 	wayint
4 	whereb
4 	withinthecity
5 	)The
5 	,799
5 	,thenthe
5 	-power
5 	9,whe
5 	Berg
5 	Bride
5 	Route1
5 	alised
5 	allon
5 	alwar
5 	anane
5 	andhigh
5 	andthefirst
5 	anspe
5 	astaken
5 	astheA
5 	ationandthe
5 	ationg
5 	ativem
5 	atleastone
5 	beseena
5 	calledh
5 	ceson
5 	chmen
5 	cityto
5 	companyt
5 	ct,whi
5 	desert
5 	developer
5 	dexa
5 	dwithinthe
5 	earound
5 	econfi
5 	edande
5 	elicopter
5 	enlan
5 	entle
5 	erally,
5 	eralre
5 	espor
5 	heassa
5 	hedirection
5 	hestart
5 	icanan
5 	icgroups
5 	ieswithin
5 	illoc
5 	imination
5 	imposed
5 	inNewYorkCity
5 	indig
5 	ing5
5 	ingcha
5 	ingdown
5 	ingson
5 	initiated
5 	irstC
5 	ithoutthe
5 	ivema
5 	knat
5 	lstudent
5 	nMin
5 	nandis
5 	ndthefirst
5 	nishment
5 	nonto
5 	nsucha
5 	ntelevision
5 	ntfromth
5 	ntone
5 	oremove
5 	oruni
5 	ostthe
5 	otheT
5 	permitt
5 	program,
5 	ranan
5 	reableto
5 	reasonable
5 	redam
5 	redist
5 	representatives
5 	rsing
5 	rtype
5 	sashort
5 	sconver
5 	sforo
5 	sionsw
5 	soasto
5 	sofficially
5 	soundt
5 	ssisa
5 	sstudent
5 	stsare
5 	suses
5 	tedthea
5 	terminat
5 	theAustralian
5 	thedomin
5 	tothecity
5 	trab
5 	triesto
5 	tthepo
6 	,andthel
6 	,apro
6 	0andthea
6 	Forin
6 	Hydr
6 	In194
6 	In2011
6 	Mediterranean
6 	Operation
6 	Thego
6 	ablel
6 	age,a
6 	amily,
6 	andin19
6 	angovernment
6 	anymo
6 	asate
6 	ay,wh
6 	bytheP
6 	challenge
6 	consideredtobe
6 	convertedto
6 	ctionth
6 	culars
6 	demar
6 	denviron
6 	diagnos
6 	dingwith
6 	dressed
6 	efamous
6 	efight
6 	egations
6 	eofthepr
6 	ertf
6 	evelopmenti
6 	firstand
6 	firstin
6 	forceso
6 	forge
6 	hasbeenused
6 	havebeenre
6 	hestru
6 	higherthan
6 	hisme
6 	icationa
6 	ictin
6 	iesandc
6 	iesfrom
6 	inBo
6 	inSi
6 	infrastructure
6 	inside
6 	isiont
6 	isthei
6 	istyp
6 	itchi
6 	iticized
6 	kers.
6 	landst
6 	leswere
6 	lyrics
6 	ming,
6 	movements
6 	movethe
6 	n1946
6 	ner.
6 	nights
6 	nkeep
6 	ntana
6 	ntoma
6 	ocompl
6 	oftheCa
6 	olere
6 	onlaw
6 	onva
6 	opsin
6 	oulevard
6 	rcomplete
6 	redso
6 	res,a
6 	responded
6 	sinitia
6 	sissue
6 	speciali
6 	talen
6 	terbu
6 	theHoly
6 	theTa
6 	thelog
6 	themea
6 	thispe
6 	thistr
6 	threep
6 	tingco
6 	tplay
6 	ttheG
6 	ttheba
6 	uperior
6 	ustha
6 	veswere
6 	wasappointed
6 	werek
6 	where"
6 	whichfo
6 	yformed
6 	yinfluence
6 	ythist
7 	",or
7 	"magazine
7 	,buto
7 	,thene
7 	-born
7 	47,
7 	Administration
7 	August2
7 	Councilo
7 	Hudson
7 	Representatives
7 	Thesew
7 	ableand
7 	althoughi
7 	aming
7 	anana
7 	ancestr
7 	ancl
7 	arlyon
7 	atTh
7 	cosi
7 	crimina
7 	dence,
7 	dents.
7 	desirable
7 	difficultto
7 	dmember
7 	edmost
7 	efactor
7 	enR
7 	enwri
7 	eofits
7 	eorganiz
7 	eprincipal
7 	eroot
7 	firstto
7 	friendship
7 	gamin
7 	gâ€
7 	handling
7 	hedistrict
7 	hegender
7 	hercou
7 	hyand
7 	ienta
7 	inceof
7 	ine's
7 	inspe
7 	inthelo
7 	intoe
7 	ionwasa
7 	irewa
7 	leur
7 	lthrough
7 	nJune1
7 	ncefrom
7 	ndWa
7 	ndhea
7 	noses
7 	nswo
7 	oache
7 	oftend
7 	ofthepre
7 	onthl
7 	orderedt
7 	ovedf
7 	pelled
7 	ps,and
7 	re19
7 	regarded
7 	restored
7 	rfol
7 	ronou
7 	sacon
7 	samong
7 	saying
7 	sentire
7 	setra
7 	sonat
7 	stofo
7 	teins
7 	temple
7 	tenbe
7 	thasbeen
7 	thatdi
7 	thattheyw
7 	theState
7 	thehum
7 	theyoung
7 	thletic
7 	tomakethe
7 	uthand
7 	veres
7 	wereab
7 	ymil
8 	%ofthepopulationlivingbelowthepovertyline
8 	,called
8 	,several
8 	,whose
8 	.4%ofthepopulation
8 	0,01
8 	0ver
8 	12th
8 	Therearet
8 	UnitedNations
8 	aBa
8 	aandthe
8 	allyfor
8 	amof
8 	anPr
8 	andconsi
8 	andtheA
8 	anei
8 	anyre
8 	aofthe
8 	aragu
8 	cationand
8 	cease
8 	coastof
8 	codin
8 	creative
8 	crime
8 	dAmerica
8 	desofthe
8 	dlam
8 	dynamic
8 	edtheba
8 	ements.
8 	eprovide
8 	erhu
8 	esbyt
8 	esistance
8 	esthem
8 	estme
8 	extremely
8 	fiveyears
8 	four-
8 	he2nd
8 	hesign
8 	hopo
8 	icra
8 	ineS
8 	inhabitants
8 	iryl
8 	ishr
8 	links
8 	lthoughit
8 	lycalled
8 	mswere
8 	nBi
8 	nalcom
8 	nbee
8 	ndig
8 	ndship
8 	ndtrans
8 	nhar
8 	npublic
8 	ofSe
8 	othersa
8 	oundh
8 	out.
8 	pleis
8 	reknown
8 	reson
8 	retirement
8 	rwould
8 	ryland
8 	sador
8 	sconv
8 	semant
8 	sin"
8 	speakers
8 	sshare
8 	suring
8 	tandm
8 	tantr
8 	theFirst
8 	thecitya
8 	thecreationof
8 	therne
8 	thigh
8 	tized
8 	toSt
8 	tomaintain
8 	trequire
8 	tyhasatotalareaof,ofwhich
8 	ugara
8 	usesof
8 	vessel
8 	vetheir
8 	wain
8 	wasapp
8 	withat
8 	yearsi
9 	,192
9 	,John
9 	,cla
9 	,resp
9 	,seve
9 	,thecounty
9 	;there
9 	Club
9 	In197
9 	Line
9 	November20
9 	Polic
9 	Someofthe
9 	TheUnitedStates
9 	abilityto
9 	alenc
9 	ameco
9 	amino
9 	andAl
9 	andthre
9 	antsof
9 	apea
9 	ativeo
9 	butar
9 	ceptionof
9 	chedule
9 	concentrate
9 	converted
9 	divisions
9 	dorder
9 	dship
9 	dsign
9 	dtheba
9 	ecommonl
9 	econse
9 	edtomake
9 	eopportunity
9 	eralm
9 	ercount
9 	eseason
9 	esistan
9 	fighter
9 	handthe
9 	herebe
9 	hoolo
9 	iez
9 	inalc
9 	intheregion
9 	irma
9 	iscalled
9 	isterof
9 	itiesand
9 	itionis
9 	naval
9 	nce,the
9 	ndstr
9 	niversity,
9 	nliving
9 	nthas
9 	nyre
9 	ofPo
9 	oftheso
9 	ohnso
9 	omeand
9 	oresta
9 	oriented
9 	representative
9 	resistan
9 	restore
9 	savailable
9 	selyt
9 	sofficial
9 	storm
9 	tactic
9 	therto
9 	thetimeof
9 	ticfo
9 	ttera
9 	unche
9 	vecom
9 	vedtobe
9 	wasaw
9 	wouldbec
9 	y17
10 	"sh
10 	,Calif
10 	,allow
10 	Anti
10 	Hewasa
10 	Museum
10 	NewJersey
10 	Persia
10 	Pth
10 	Thisp
10 	amming
10 	anaut
10 	anean
10 	asele
10 	ay,the
10 	ayint
10 	bilityto
10 	cademic
10 	cadet
10 	chester
10 	converte
10 	ctedthe
10 	danan
10 	dedno
10 	e"in
10 	edinan
10 	edwithin
10 	enever
10 	eofW
10 	eprovid
10 	eralr
10 	erofp
10 	erthey
10 	eshar
10 	ethefirst
10 	extin
10 	falo
10 	gence
10 	hebecame
10 	huge
10 	impose
10 	includethe
10 	ingpre
10 	ispartofthe
10 	ispos
10 	istre
10 	itingt
10 	latro
10 	lingc
10 	ncur
10 	ngother
10 	nlys
10 	nsult
10 	ntedthe
10 	ntele
10 	of"T
10 	oliticala
10 	onded
10 	oneofthose
10 	opero
10 	opinion
10 	ortwo
10 	ostm
10 	pleand
10 	ps,a
10 	ralin
10 	requires
10 	rrole
10 	rs,s
10 	s200
10 	slato
10 	sofall
10 	stable
10 	struggle
10 	swereb
10 	theAu
10 	thealbum
10 	thenin
10 	therun
10 	tingd
10 	tion'
10 	tmode
10 	traditionally
10 	tssuchas
10 	urein
10 	usie
10 	verlo
10 	welf
10 	withouta
11 	)and"
11 	1964
11 	1976
11 	2.2%
11 	Corps
11 	Islands
11 	Oneof
11 	Simon
11 	Stor
11 	Tennessee
11 	adhe
11 	afterhis
11 	anscript
11 	arlyo
11 	atthen
11 	bited
11 	consideredto
11 	derofthe
11 	dyand
11 	e,then
11 	eareth
11 	edama
11 	egroups
11 	entage
11 	entas
11 	ercou
11 	ershipof
11 	ethe"
11 	ffice.
11 	gained
11 	gated
11 	hishe
11 	hosen
11 	hundred
11 	icalw
11 	icgro
11 	isters
11 	izedth
11 	llase
11 	low-
11 	lyso
11 	murder
11 	nNewYork
11 	nandc
11 	nceme
11 	ncesin
11 	nthepopulationwas
11 	ntom
11 	ofDa
11 	ofallt
11 	oftheK
11 	oist
11 	onian
11 	oulde
11 	ranchi
11 	ratew
11 	redtobe
11 	runi
11 	saswellas
11 	smas
11 	spher
11 	spirat
11 	staken
11 	sthecount
11 	tainth
11 	theBattleof
11 	theRepublic
11 	theauthor
11 	theelect
11 	thepeople
11 	theprovi
11 	thewin
11 	toplay
11 	transc
11 	turei
11 	urest
11 	usfor
11 	uteda
11 	veoft
11 	versions
11 	wasat
11 	well,
11 	whichwould
12 	,andJ
12 	Americana
12 	Jersey
12 	Politic
12 	Rea
12 	abus
12 	aches
12 	ageis
12 	ainsi
12 	anSt
12 	andab
12 	andfrom
12 	andthr
12 	anear
12 	anscr
12 	aslate
12 	assive
12 	astheco
12 	bersh
12 	chers
12 	confer
12 	derco
12 	eState
12 	eando
12 	earsin
12 	edied
12 	egran
12 	epresentatives
12 	eprevious
12 	ercan
12 	erofc
12 	followinga
12 	fortheir
12 	fromthec
12 	fthegr
12 	gets
12 	ghton
12 	hasm
12 	headquarters
12 	hemou
12 	impre
12 	itions,
12 	itionw
12 	latera
12 	lthoughi
12 	lyho
12 	manand
12 	massi
12 	mentfor
12 	municipalit
12 	nalca
12 	nderm
12 	nedand
12 	nous
12 	omean
12 	opof
12 	oughs
12 	ouldbeco
12 	parad
12 	partner
12 	recommon
12 	reirr
12 	ricana
12 	samem
12 	sduringthe
12 	singan
12 	spossible
12 	stricti
12 	structures
12 	swasa
12 	swasthe
12 	tanan
12 	tersu
12 	theCou
12 	themode
12 	thequa
12 	theseries
12 	thewh
12 	tiret
12 	udeth
12 	uredi
12 	vedw
12 	vesof
12 	wasam
12 	wasrele
12 	withother
12 	work.
12 	xamplesof
12 	ynome
13 	"with
13 	,its
13 	-cent
13 	1.2%
13 	Development
13 	Qua
13 	Thedi
13 	Whileth
13 	Whilethe
13 	acade
13 	amev
13 	aniel
13 	anking
13 	aryto
13 	ashort
13 	asthey
13 	aterm
13 	ativest
13 	atori
13 	crop
13 	cusst
13 	denceo
13 	dstha
13 	dwithin
13 	edsome
13 	edtoma
13 	entag
13 	entedb
13 	entert
13 	entsfrom
13 	establishment
13 	expect
13 	gative
13 	gnof
13 	heinv
13 	heout
13 	housands
13 	htheir
13 	ignof
13 	ime"
13 	isconsidered
13 	knownfor
13 	legat
13 	lesn
13 	lfl
13 	locks
13 	maker
13 	mentsf
13 	missions
13 	nerv
13 	ningofthe
13 	nthatthe
13 	occurred
13 	ofsel
13 	oked
13 	ooking
13 	ouldbec
13 	ountains
13 	owners
13 	plein
13 	ratedint
13 	rthey
13 	rtobe
13 	rwasa
13 	saver
13 	statedth
13 	stoe
13 	strans
13 	switho
13 	terthat
13 	theTh
13 	theexc
13 	thenumberof
13 	tingand
13 	treatment
13 	tssuc
13 	ualt
13 	utther
13 	vema
13 	ycall
13 	yscho
14 	,althoughthe
14 	,sema
14 	,whicho
14 	Conne
14 	Ithas
14 	TheBe
14 	Thevi
14 	Young
14 	accessto
14 	ainof
14 	amage
14 	anyon
14 	areai
14 	aredin
14 	asawo
14 	asket
14 	athan
14 	athr
14 	attheb
14 	chwo
14 	ctionsin
14 	ded,
14 	deredto
14 	destroyed
14 	dominat
14 	duntil
14 	edbytheB
14 	einstruct
14 	elst
14 	emant
14 	emora
14 	enttothe
14 	eries,
14 	ernan
14 	ersfrom
14 	escent
14 	esofa
14 	estore
14 	filt
14 	finished
14 	fofthe
14 	fromthea
14 	hasl
14 	helocal
14 	henumberof
14 	hersa
14 	ial,
14 	ideth
14 	idethe
14 	ingthis
14 	intheU.S.
14 	llme
14 	madethe
14 	n"The
14 	nNovember
14 	nceofa
14 	neat
14 	nesof
14 	newo
14 	nget
14 	ntheor
14 	ntpa
14 	nversion
14 	oasto
14 	odest
14 	omade
14 	oother
14 	owasa
14 	rafter
14 	ranked
14 	rateth
14 	rbal
14 	rderof
14 	realis
14 	restor
14 	rinter
14 	rms,
14 	rth,
14 	rtheb
14 	shere
14 	sured
14 	sworks
14 	swouldbe
14 	tedina
14 	templ
14 	theirfirst
14 	titude
14 	topi
14 	totheM
14 	wara
14 	wasag
14 	withap
15 	,inwhich
15 	Det
15 	In201
15 	Minnesota
15 	Scott
15 	Sing
15 	actth
15 	andfa
15 	andtheS
15 	ansiti
15 	beenus
15 	bona
15 	ctra
15 	cussa
15 	decades
15 	door
15 	e,he
15 	eabout
15 	eastof
15 	eeda
15 	eperson
15 	ething
15 	forap
15 	heGerman
15 	ia's
15 	icalo
15 	inations
15 	ineand
15 	ippin
15 	iscal
15 	ispute
15 	itedto
15 	lacks
15 	letoh
15 	lewith
15 	mentf
15 	muchofthe
15 	nator
15 	nersa
15 	nership
15 	nesc
15 	nity,
15 	nneso
15 	nofr
15 	nyse
15 	odevelop
15 	orient
15 	peoplea
15 	rcou
15 	relu
15 	rity.
15 	rotet
15 	sewi
15 	sions,
15 	situation
15 	sran
15 	talsa
15 	tened
15 	theHa
15 	theira
15 	things
15 	threaten
15 	tionss
15 	tofthes
15 	torm
15 	ttol
15 	ty,and
15 	valo
15 	walk
15 	withso
16 	,andthen
16 	Office
16 	Post
16 	Senat
16 	activities
16 	agement
16 	alint
16 	allyde
16 	allyo
16 	aspect
16 	assigned
16 	convert
16 	crim
16 	demic
16 	denta
16 	derin
16 	eandh
16 	ement,
16 	encef
16 	ensure
16 	erecord
16 	ereign
16 	ers,w
16 	ershave
16 	ethin
16 	follows
16 	g,the
16 	gtra
16 	hecityt
16 	herece
16 	hispo
16 	iallyi
16 	icalre
16 	iesb
16 	ireme
16 	knownf
16 	launch
16 	makes
16 	nvestigati
16 	objects
16 	ooperati
16 	ponde
16 	posedto
16 	recently
16 	reight
16 	rind
16 	rmationo
16 	rtfor
16 	sdiff
16 	sesthe
16 	stran
16 	tava
16 	thecityt
16 	theirfi
16 	thequ
16 	twod
16 	warm
17 	%fromotherraces,and0.
17 	,andal
17 	,whileth
17 	7%from
17 	August1
17 	Book
17 	Conn
17 	acad
17 	adas
17 	andcl
17 	andsc
17 	anyth
17 	approv
17 	ballo
17 	basedonthe
17 	dands
17 	eCourt
17 	eagains
17 	enate
17 	enove
17 	epresentative
17 	eprogram
17 	erres
17 	extensive
17 	hemis
17 	hewasa
17 	highschool
17 	inished
17 	instruction
17 	intel
17 	intw
17 	iseb
17 	isoften
17 	istant
17 	ists,
17 	ithso
17 	itiesof
17 	izeda
17 	ksand
17 	landis
17 	lingthe
17 	lthr
17 	madeth
17 	mores
17 	nJune
17 	nceand
17 	ncel
17 	nghim
17 	nspec
17 	ntheT
17 	ntheba
17 	ofaf
17 	ofca
17 	oliv
17 	oremo
17 	osely
17 	otherco
17 	rica.
17 	sRo
17 	sach
17 	sappro
17 	shape
17 	shometo
17 	similart
17 	sinvolv
17 	stein
17 	th,a
17 	theborough
17 	thefact
17 	think
17 	tigation
17 	trons
17 	ulars
17 	ulin
17 	usedo
17 	vingbe
17 	words
18 	%hadchildrenundertheageof18livingwiththem,5
18 	%ofresidentswereundertheageof18;
18 	,hewas
18 	1,19
18 	County.
18 	Minister
18 	Thecou
18 	Therewere1,
18 	Through
18 	Vietnam
18 	able.
18 	alri
18 	arbon
18 	ationl
18 	catedon
18 	chothe
18 	comea
18 	eIsl
18 	earsi
18 	eatte
18 	eaving
18 	ebecame
18 	ebuilding
18 	elocal
18 	elyc
18 	emie
18 	erebetweenthe
18 	ereli
18 	evice
18 	ewill
18 	hegovernment
18 	iain
18 	ieswith
18 	inala
18 	ingonthe
18 	inhabit
18 	litr
18 	llsi
18 	methi
18 	moreco
18 	municipal
18 	nce,a
18 	ncean
18 	needed
18 	ny.
18 	occurre
18 	ofthestat
18 	opolitan
18 	othera
18 	primarily
18 	publico
18 	question
18 	ratedi
18 	redbythe
18 	reeo
18 	residenc
18 	senr
18 	sinh
18 	sretir
18 	t,al
18 	teral
18 	testhe
18 	thanthe
18 	thatthec
18 	tisp
18 	tobecom
18 	tunit
18 	typeof
18 	uanti
18 	wasun
19 	'spr
19 	)wasa
19 	0%ofthepopulation
19 	33,
19 	Afterthe
19 	Americans
19 	Atlantic
19 	Mode
19 	Thisc
19 	acein
19 	anation
19 	canbes
19 	cationa
19 	dedw
19 	dmany
19 	edcon
19 	edmi
19 	egiven
19 	elections
19 	entthe
19 	eprim
19 	eprin
19 	estoc
19 	ewas2.9
19 	fitis
19 	friends
19 	handl
19 	hanis
19 	hefour
19 	hink
19 	inel
19 	ingher
19 	ingor
19 	ingwas
19 	irava
19 	ishment
19 	landc
19 	mentsof
19 	mming
19 	mond
19 	ntol
19 	orins
19 	ourage
19 	ownc
19 	reor
19 	rthand
19 	signal
19 	softhet
19 	tionofh
19 	totel
19 	unne
19 	volt
19 	werethe
19 	ynot
19 	ysmall
20 	,since
20 	2012,
20 	Academ
20 	Government
20 	Mass
20 	Mountain
20 	Pers
20 	September2
20 	Shi
20 	acar
20 	ademi
20 	alityof
20 	allu
20 	amps
20 	anaci
20 	andNo
20 	andcr
20 	ansc
20 	ayhave
20 	cefr
20 	cethat
20 	cityt
20 	ddim
20 	deit
20 	dentswere
20 	dingc
20 	dingw
20 	dquar
20 	e,with
20 	ecolo
20 	ecutive
20 	enov
20 	ensur
20 	enten
20 	hedevelop
20 	heright
20 	highly
20 	hisfather
20 	hsome
20 	humans
20 	hund
20 	iano
20 	inces
20 	inner
20 	intheo
20 	ionofs
20 	iqui
20 	itsb
20 	ksto
20 	l,wh
20 	lted
20 	mesh
20 	midd
20 	middle
20 	mmitt
20 	mmor
20 	nbur
20 	ncem
20 	ngthen
20 	officially
20 	onai
20 	onnac
20 	plas
20 	reunder
20 	rsho
20 	rsla
20 	sbythe
20 	science
20 	settlement
20 	slow
20 	sota
20 	spirit
20 	stte
20 	tedinto
20 	tersin
20 	terto
20 	tesin
20 	theSa
20 	theirc
20 	theresu
20 	tionalp
20 	tocom
20 	tsho
20 	tsofa
20 	unicipal
20 	unique
20 	wasac
20 	washe
20 	whichf
21 	"has
21 	,many
21 	:the
21 	Cret
21 	actually
21 	akers
21 	amenta
21 	anext
21 	ansand
21 	atmo
21 	aythe
21 	cable
21 	causes
21 	climate
21 	comet
21 	ealan
21 	edistri
21 	egive
21 	encein
21 	erbo
21 	ercit
21 	erlin
21 	erswe
21 	hered
21 	heuni
21 	hthat
21 	iase
21 	igan
21 	iland
21 	inNew
21 	incorporated
21 	investigat
21 	meeting
21 	memberofthe
21 	moreo
21 	nasp
21 	nearby
21 	notsa
21 	nsho
21 	ofSo
21 	onald
21 	onss
21 	opic
21 	otac
21 	pict
21 	plei
21 	pressure
21 	ransportation
21 	redint
21 	rofp
21 	rrespon
21 	sasthe
21 	scale
21 	sedonthe
21 	shipof
21 	sisc
21 	softhep
21 	sthemo
21 	t,in
21 	teas
21 	terac
21 	terint
21 	thatl
21 	thecre
21 	tigati
21 	tion,the
21 	tionl
21 	tofS
21 	university
21 	urei
21 	useum
21 	yast
21 	ythef
22 	,"The
22 	.3%were
22 	0â€
22 	College
22 	Corp
22 	Forexample,
22 	Route
22 	Theh
22 	allyf
22 	alofthe
22 	alres
22 	alsore
22 	anca
22 	annual
22 	arliament
22 	astron
22 	ationint
22 	credi
22 	edtohave
22 	elfa
22 	emical
22 	erepr
22 	ethatthe
22 	ghan
22 	guest
22 	heste
22 	highs
22 	iceof
22 	icet
22 	inana
22 	ing,and
22 	ingtr
22 	inting
22 	iscr
22 	itche
22 	ityfor
22 	lyst
22 	mechan
22 	mics
22 	myth
22 	nBo
22 	natthe
22 	nments
22 	nthe"
22 	ntheno
22 	nvestigat
22 	oftheCo
22 	oftheH
22 	onab
22 	onthee
22 	ootball
22 	ownthe
22 	pattern
22 	populationof
22 	powerful
22 	regiona
22 	reval
22 	rving
22 	s,who
22 	sfroma
22 	sively
22 	soffi
22 	soldier
22 	spartofthe
22 	step
22 	tchi
22 	thasa
22 	thatre
22 	theyha
22 	ttheb
22 	verf
22 	versionof
22 	withf
22 	yard
23 	54.
23 	Mag
23 	Spi
23 	airy
23 	andex
23 	andsof
23 	anea
23 	artot
23 	asane
23 	ascom
23 	asnam
23 	atthei
23 	beenre
23 	block
23 	degree
23 	edfora
23 	ementof
23 	enasa
23 	entco
23 	enters
23 	epeople
23 	eprog
23 	eprovi
23 	erable
23 	ermu
23 	eseri
23 	forthep
23 	from19
23 	heresult
23 	hment
23 	iamen
23 	ingB
23 	ingsp
23 	inthecity.
23 	irese
23 	ishop
23 	ispart
23 	linga
23 	mayo
23 	nalli
23 	ncal
23 	northern
23 	nstitute
23 	ofGe
23 	oplay
23 	pops
23 	prominen
23 	rected
23 	s,andi
23 	scall
23 	sevent
23 	sthis
23 	tainin
23 	theNew
23 	theSu
23 	theWest
23 	tionsofthe
23 	topa
23 	traffic
23 	utch
23 	uthi
23 	yearsa
23 	yria
24 	Alex
24 	Another
24 	Batt
24 	Bor
24 	David
24 	First
24 	Mary
24 	Stra
24 	TheM
24 	aboutthe
24 	achiev
24 	actical
24 	adse
24 	ahigh
24 	ationto
24 	cientific
24 	crossth
24 	eHu
24 	edwa
24 	ensus,the
24 	eofS
24 	hecompany
24 	heman
24 	hima
24 	icof
24 	iminat
24 	inpar
24 	intheB
24 	intheUnitedStates
24 	italo
24 	iveda
24 	nNew
24 	ndedby
24 	ndthef
24 	nforthe
24 	nsec
24 	numerous
24 	ostal
24 	ownshipwas
24 	pesof
24 	pirit
24 	princip
24 	province
24 	ptionof
24 	ransit
24 	ringin
24 	rnis
24 	rshave
24 	rthed
24 	sCounty
24 	sense
24 	services
24 	situat
24 	smaller
24 	sofin
24 	ssiono
24 	stock
24 	tatthe
24 	theal
24 	thecitywas$
24 	theel
24 	thefirstt
24 	toso
24 	tswit
24 	ummi
24 	usth
24 	ycha
25 	,especially
25 	.3%w
25 	Cap
25 	agesof
25 	andhas
25 	apopula
25 	avele
25 	cefo
25 	clare
25 	day,
25 	ecommon
25 	ecreati
25 	edtoha
25 	edtom
25 	eginning
25 	emfo
25 	entwas
25 	eredto
25 	ewel
25 	films
25 	grate
25 	hechar
25 	herco
25 	heresu
25 	ignedto
25 	ingther
25 	inute
25 	isoft
25 	ispu
25 	l,and
25 	leaders
25 	lfre
25 	locatedinthe
25 	miles
25 	motion
25 	nCounty
25 	nking
25 	nparti
25 	nsuc
25 	ntifie
25 	oclan
25 	odin
25 	ofSa
25 	ofthefi
25 	omine
25 	ooper
25 	oring
25 	ounding
25 	randt
25 	rdered
25 	recomm
25 	rsinthe
25 	slave
25 	stere
25 	swhere
25 	tefor
25 	thAmerica
25 	theband
25 	themor
25 	tionco
25 	tpla
25 	twom
25 	ubma
25 	universit
25 	veof
26 	,itis
26 	.2%of
26 	alized
26 	alsh
26 	andare
26 	armi
26 	arni
26 	astra
26 	ayst
26 	broadcast
26 	cesst
26 	decision
26 	earet
26 	easto
26 	edover
26 	efact
26 	eisth
26 	equest
26 	erfrom
26 	erite
26 	etire
26 	firsta
26 	growth
26 	hegroup
26 	histh
26 	hits
26 	ighto
26 	in194
26 	itari
26 	lander
26 	leofthe
26 	nalys
26 	northof
26 	nspe
26 	ofres
26 	omal
26 	orap
26 	pair
26 	path
26 	raffi
26 	rofna
26 	saresu
26 	slands
26 	spiri
26 	status
26 	tation.
26 	thatof
26 	untilthe
26 	vesth
27 	"int
27 	,andd
27 	,that
27 	,theco
27 	1980s
27 	aceof
27 	adema
27 	allen
27 	alrea
27 	andte
27 	atedc
27 	attend
27 	bese
27 	condition
27 	conver
27 	court
27 	ctions.
27 	decide
27 	dwitha
27 	eabo
27 	eball
27 	ebetweenthe
27 	edite
27 	efeat
27 	egend
27 	erals
27 	eresi
27 	eresult
27 	erinthe
27 	hair
27 	heAr
27 	hefirstt
27 	icsc
27 	in196
27 	instruct
27 	isere
27 	limited
27 	means
27 	mprove
27 	ndtra
27 	network
27 	ningof
27 	oused
27 	prevent
27 	print
27 	randa
27 	rbit
27 	sandco
27 	sbeca
27 	sedas
27 	sin19
27 	switha
27 	thedo
27 	theru
27 	tionsar
27 	tize
27 	tributed
27 	tthem
27 	twere
27 	unch
27 	unna
27 	whichs
28 	July1
28 	Lit
28 	See
28 	Valley
28 	ancient
28 	anga
28 	anumberof
28 	atert
28 	atlea
28 	chest
28 	cityof
28 	cran
28 	dcons
28 	distribut
28 	dthed
28 	eanc
28 	earo
28 	enbe
28 	enge
28 	enumberof
28 	eofhis
28 	erba
28 	eredin
28 	erthat
28 	est.
28 	esupp
28 	fant
28 	ginn
28 	havet
28 	hieve
28 	higher
28 	holog
28 	iable
28 	ightt
28 	ingthem
28 	international
28 	ioninthe
28 	ity's
28 	kingo
28 	larger
28 	llbe
28 	nisti
28 	ntered
28 	ocke
28 	onthec
28 	orders
28 	ownth
28 	raine
28 	remains
28 	retar
28 	roposed
28 	route
28 	rters
28 	salsoa
28 	sandh
28 	serves
28 	tass
28 	thAm
28 	thatm
28 	theonly
28 	tonn
28 	track
28 	uard
28 	ury.
28 	vesti
28 	yother
29 	,andit
29 	-ret
29 	Green
29 	Mont
29 	NorthA
29 	Since
29 	Theto
29 	amew
29 	asoneof
29 	ationsof
29 	ators
29 	bell
29 	cadem
29 	chand
29 	chofthe
29 	cket
29 	confi
29 	dasthe
29 	difficult
29 	eback
29 	edana
29 	edel
29 	edthem
29 	eevent
29 	endofthe
29 	erlo
29 	eschool
29 	esome
29 	eters
29 	fromthes
29 	gep
29 	islat
29 	iswi
29 	jur
29 	leave
29 	lrev
29 	lyof
29 	mentofthe
29 	mosta
29 	mostofthe
29 	n195
29 	ntedt
29 	orporate
29 	othere
29 	pedt
29 	radio
29 	rationa
29 	root
29 	sites
29 	ssions
29 	sters
29 	tative
29 	thatd
29 	theNorth
29 	thenu
29 	tingto
29 	transport
29 	ttis
29 	ttoa
29 	vingth
30 	",wh
30 	,inthe
30 	5%from
30 	97.
30 	Court
30 	Ith
30 	Thecity
30 	Trans
30 	acebe
30 	allthe
30 	als.
30 	arst
30 	asana
30 	ation(
30 	avethe
30 	cteda
30 	ebeca
30 	edag
30 	elimi
30 	emode
30 	energy
30 	enla
30 	eofhi
30 	erhi
30 	etoc
30 	eyears
30 	fare
30 	hili
30 	hmen
30 	hother
30 	icho
30 	improv
30 	in201
30 	ionsare
30 	ityto
30 	malle
30 	mical
30 	minated
30 	nctions
30 	ngag
30 	nition
30 	nswere
30 	ntwas
30 	nvention
30 	oesnot
30 	ofthest
30 	ollege
30 	operate
30 	opin
30 	ouses
30 	oving
30 	ownf
30 	provin
30 	rights
30 	rins
30 	smis
30 	smore
30 	ssociati
30 	sthen
30 	terso
30 	tionthat
30 	toca
30 	tomake
30 	urer
31 	,aswellas
31 	James
31 	November
31 	abel
31 	ainthe
31 	andcom
31 	ansit
31 	arger
31 	buted
31 	career
31 	changes
31 	choft
31 	communica
31 	contribut
31 	deredt
31 	distinct
31 	eating
31 	ebuil
31 	educat
31 	eenco
31 	egati
31 	elements
31 	ercom
31 	esource
31 	essuchas
31 	ethis
31 	famous
31 	food
31 	founded
31 	iman
31 	ionsar
31 	irro
31 	itisn
31 	ivest
31 	lina
31 	movement
31 	nami
31 	nance
31 	nsiti
31 	numbers
31 	nute
31 	omeofthe
31 	opte
31 	orri
31 	ouldhave
31 	owner
31 	percent
31 	sbetween
31 	scent
31 	scienti
31 	siont
31 	snamed
31 	stpr
31 	tany
31 	the199
31 	tribution
31 	tssu
31 	ulationof
31 	usedf
31 	usst
31 	ycont
31 	ythi
32 	Poli
32 	President
32 	abit
32 	alway
32 	and0.
32 	andthes
32 	ascon
32 	ast,
32 	ederi
32 	edor
32 	er,and
32 	ficu
32 	hiswas
32 	htsit
32 	ilthe
32 	inha
32 	inister
32 	initial
32 	ionsofthe
32 	ldhave
32 	ofthepr
32 	oland
32 	ortt
32 	otabl
32 	ousand
32 	regard
32 	sedl
32 	signedt
32 	tforthe
32 	thatr
32 	theab
32 	thenext
32 	thestr
32 	ting,
32 	tobea
32 	tothea
32 	tthey
32 	ucif
32 	writing
33 	,andm
33 	,witha
33 	Art
33 	Presiden
33 	TheP
33 	ain,
33 	alad
33 	amic
33 	amw
33 	ardin
33 	ationst
33 	constitut
33 	dfa
33 	domina
33 	eaga
33 	ells
33 	elyr
33 	enne
33 	entation
33 	entm
33 	estp
33 	facilit
33 	firstt
33 	ftheg
33 	fthen
33 	grant
33 	herec
33 	hothe
33 	ighway
33 	ignedt
33 	impro
33 	invest
33 	mps
33 	nche
33 	neand
33 	ngui
33 	nia,
33 	notto
33 	ntco
33 	nthetownship
33 	ofthen
33 	ongre
33 	onver
33 	overa
33 	quarter
33 	rcomp
33 	react
33 	reason
33 	regular
33 	reid
33 	resta
33 	sinto
33 	sound
33 	ternal
33 	thant
33 	that"
33 	theisland
33 	tically
33 	tiesa
33 	tsinthe
33 	ulli
33 	vict
33 	whichha
33 	whichthe
34 	(S
34 	,sla
34 	,whichh
34 	Atthe
34 	District
34 	amajor
34 	asag
34 	assis
34 	astof
34 	ationc
34 	comput
34 	dmore
34 	eair
34 	edle
34 	egame
34 	environment
34 	eoffi
34 	erton
34 	estra
34 	etheir
34 	figur
34 	genc
34 	hron
34 	ionali
34 	lico
34 	measure
34 	mith
34 	n194
34 	notre
34 	onsofthe
34 	phas
34 	quat
34 	started
34 	students
34 	thecha
34 	thegrou
34 	tiga
34 	trem
34 	tsfrom
34 	unding
34 	veni
34 	yone
35 	0,000
35 	George
35 	Medi
35 	Sim
35 	Theg
35 	acho
35 	alent
35 	alongwith
35 	anted
35 	arine
35 	asthec
35 	called"
35 	cienti
35 	corn
35 	designed
35 	display
35 	eNorth
35 	earin
35 	enea
35 	environ
35 	esigna
35 	evic
35 	firstp
35 	foreh
35 	formin
35 	gero
35 	heser
35 	ing,a
35 	isad
35 	material
35 	mination
35 	ndedi
35 	nditi
35 	oftheB
35 	omplex
35 	on2
35 	ordo
35 	oreg
35 	otherc
35 	quit
35 	ration.
35 	s,suchas
35 	sedfor
35 	ssou
35 	sthefirst
35 	tegrat
35 	thisp
35 	thso
35 	travel
35 	tureof
35 	yres
35 	ythep
36 	",and
36 	From
36 	Western
36 	With
36 	accordingto
36 	allyin
36 	an,and
36 	anceof
36 	asho
36 	atedwith
36 	cipal
36 	construction
36 	ctory
36 	district
36 	downt
36 	eats
36 	edits
36 	egroup
36 	entth
36 	eofthes
36 	er,i
36 	erefor
36 	fight
36 	friend
36 	ice.
36 	inedb
36 	isor
36 	itd
36 	lost
36 	lthought
36 	nandthe
36 	oach
36 	ofap
36 	ongo
36 	onpro
36 	ormin
36 	performance
36 	portion
36 	pped
36 	pression
36 	research
36 	rock
36 	safter
36 	someof
36 	son,
36 	tedtothe
36 	thatha
36 	theU.S.
36 	therin
36 	tories
36 	tthetime
36 	valen
36 	was1
36 	yhave
37 	-di
37 	allowed
37 	andle
37 	antic
37 	appoint
37 	ayre
37 	ayth
37 	cided
37 	dwor
37 	ecommun
37 	edart
37 	erformance
37 	erya
37 	hegrou
37 	herewere8
37 	htli
37 	iliti
37 	ilth
37 	interna
37 	measur
37 	nkin
37 	nnes
37 	oftheA
37 	onea
37 	oration
37 	relo
37 	ressed
37 	rves
37 	sely
37 	shm
37 	solut
37 	stall
37 	stheco
37 	thearea
37 	thecomm
37 	theper
37 	towa
37 	ture,
37 	useoft
38 	2012
38 	Black
38 	Dan
38 	General
38 	Mount
38 	account
38 	againstthe
38 	andint
38 	andone
38 	anys
38 	asbu
38 	awen
38 	cultural
38 	erous
38 	ersf
38 	ership
38 	famo
38 	flat
38 	heMi
38 	heMo
38 	hilethe
38 	ieved
38 	ionint
38 	itati
38 	lanc
38 	lingt
38 	lnu
38 	maintain
38 	ncent
38 	ndsh
38 	nserv
38 	persona
38 	plane
38 	redf
38 	rs,a
38 	sthi
38 	television
38 	thePr
38 	tiz
38 	tribute
38 	vale
38 	Â mi
39 	,andin
39 	,thef
39 	000c
39 	2011
39 	acha
39 	acili
39 	alcon
39 	alsoc
39 	andN
39 	andthen
39 	anso
39 	archi
39 	atedinthe
39 	atsl
39 	becamethe
39 	beenc
39 	culture
39 	data
39 	eacti
39 	edmo
39 	edwo
39 	eedi
39 	einst
39 	enced
39 	entand
39 	entire
39 	erasa
39 	ereal
39 	eregi
39 	eshi
39 	eventually
39 	example,
39 	founde
39 	gedt
39 	gma
39 	hecha
39 	hego
39 	hileth
39 	ilica
39 	illed
39 	imina
39 	independent
39 	is.
39 	ispo
39 	ittle
39 	leti
39 	lsta
39 	mentary
39 	mentin
39 	ndits
39 	nind
39 	observ
39 	oden
39 	ofdes
39 	ommission
39 	opsi
39 	oras
39 	slater
39 	super
39 	tama
39 	theBri
39 	thehe
39 	thereis
39 	tinct
39 	tole
39 	urat
39 	vance
40 	0,0
40 	aban
40 	affi
40 	alarge
40 	andca
40 	ashin
40 	availa
40 	availab
40 	cesof
40 	commi
40 	ePar
40 	ed,and
40 	edica
40 	esch
40 	henu
40 	in199
40 	inthea
40 	ionthat
40 	llace
40 	naddition
40 	nalf
40 	nandth
40 	nin1
40 	nized
40 	northe
40 	partment
40 	possible
40 	pun
40 	rons
40 	s,with
40 	share
40 	significant
40 	speak
40 	sthee
40 	theNe
40 	thename
40 	theon
40 	theyw
40 	veso
40 	wasalso
40 	wash
41 	)was
41 	09.
41 	2009
41 	August
41 	Republic
41 	Thema
41 	againstt
41 	andE
41 	andW
41 	andha
41 	anew
41 	arry
41 	aspo
41 	associat
41 	counter
41 	ctan
41 	eLo
41 	eU.S.
41 	eforme
41 	ence,
41 	hemain
41 	ithout
41 	kis
41 	leng
41 	link
41 	mbr
41 	ninte
41 	nnel
41 	nsare
41 	nthefi
41 	ocom
41 	ofsu
41 	ortion
41 	outs
41 	racy
41 	reali
41 	respect
41 	rings
41 	rming
41 	s,andth
41 	ssee
41 	stitution
41 	tesi
41 	theIn
41 	theun
41 	varia
41 	without
42 	'sre
42 	Asa
42 	Duringth
42 	andG
42 	andwi
42 	atedthe
42 	board
42 	corde
42 	cyc
42 	dethe
42 	dhim
42 	edast
42 	eeth
42 	ember2
42 	ength
42 	eofs
42 	er20
42 	eventual
42 	games
42 	hepar
42 	inger
42 	insp
42 	lase
42 	legi
42 	longw
42 	mica
42 	minate
42 	nable
42 	noff
42 	ofro
42 	ofthecity
42 	ometo
42 	ongr
42 	onthes
42 	provided
42 	raise
42 	rtedt
42 	sed,
42 	station
42 	strong
42 	tdia
42 	thatp
42 	thepopulationwasspreadoutwith2
42 	thesc
42 	thewe
42 	tionofa
42 	toff
42 	tthis
42 	uton
43 	1,1
43 	19.
43 	Met
43 	Thefirst
43 	alsoa
43 	away
43 	buta
43 	craft
43 	ction,
43 	dson
43 	ecret
43 	edfromthe
43 	ersar
43 	ethec
43 	ethem
43 	ghwa
43 	hser
43 	ingfro
43 	ingfrom
43 	inthel
43 	jects
43 	minati
43 	mitte
43 	mostl
43 	mpire
43 	mwas
43 	names
43 	ndedt
43 	nord
43 	oftheir
43 	soni
43 	ssive
43 	terat
43 	tionall
43 	toli
43 	tther
43 	turned
43 	yawa
44 	Other
44 	adh
44 	allth
44 	ansl
44 	apart
44 	bran
44 	comes
44 	ctedt
44 	dig
44 	echar
44 	enumber
44 	eresu
44 	ershi
44 	heBe
44 	hePr
44 	herin
44 	heun
44 	ingdo
44 	initia
44 	isone
44 	ispro
44 	isun
44 	le"
44 	lements
44 	ll.
44 	lles
44 	ncein
44 	ndcon
44 	nres
44 	nusi
44 	ofits
44 	ofthel
44 	ovement
44 	rama
44 	rationof
44 	resti
44 	rinthe
44 	scha
44 	season
44 	sinu
44 	ssta
44 	swork
44 	tact
44 	teto
44 	the2010
44 	ticle
44 	ulture
44 	us,s
44 	usually
44 	white
44 	withan
45 	%ofthepopulationwerebelowthepovertyline,including
45 	's"
45 	Although
45 	Ant
45 	Thed
45 	Therewere1
45 	agno
45 	aller
45 	andT
45 	argi
45 	batt
45 	chthe
45 	dWa
45 	derc
45 	dicat
45 	eloca
45 	entd
45 	ethef
45 	ification
45 	litera
45 	lower
45 	nthepr
45 	pedi
45 	proved
45 	rates
45 	separ
45 	shipw
45 	student
45 	ury,
45 	zer
46 	alca
46 	allin
46 	ance,
46 	atof
46 	atures
46 	business
46 	e,which
46 	ebal
46 	ectionof
46 	ecul
46 	eets
46 	ementa
46 	erint
46 	erli
46 	erwas
46 	etary
46 	events
46 	eway
46 	good
46 	ighte
46 	infa
46 	ingso
46 	ique
46 	llthe
46 	n201
46 	nean
46 	ooks
46 	pher
46 	ransport
46 	rthes
46 	seen
46 	sfound
46 	shas
46 	should
46 	ssto
46 	statu
46 	time.
46 	topro
46 	twould
46 	ure,
46 	value
46 	withh
47 	1990
47 	ability
47 	accord
47 	agan
47 	andhe
47 	ansf
47 	bute
47 	ceand
47 	dup
47 	ereco
47 	ersona
47 	hisre
47 	iple
47 	lars
47 	leis
47 	modern
47 	naga
47 	native
47 	nato
47 	night
47 	nimal
47 	nner
47 	nsar
47 	nsofthe
47 	ofCa
47 	ountain
47 	pened
47 	practic
47 	r,and
47 	respec
47 	ropos
47 	sown
47 	stto
47 	theV
47 	train
47 	ttime
47 	withinthe
47 	write
48 	Christian
48 	January
48 	Pres
48 	Theo
48 	alian
48 	andL
48 	aven
48 	ceme
48 	d,the
48 	deen
48 	dtra
48 	ehea
48 	element
48 	entsw
48 	eros
48 	especial
48 	gation
48 	hestr
48 	himself
48 	icipa
48 	ndoft
48 	need
48 	nounce
48 	nthela
48 	orco
48 	oung
48 	ownto
48 	quest
48 	rath
48 	recent
48 	ses.
48 	seven
48 	sful
48 	soneofth
48 	sthep
48 	sually
48 	thelarge
48 	tionth
48 	tothec
48 	tratio
48 	twasa
49 	Wal
49 	aker
49 	as.
49 	atthet
49 	cting
49 	edwiththe
49 	election
49 	emic
49 	ents.
49 	groups
49 	hertha
49 	icro
49 	lepers
49 	lesof
49 	masa
49 	meofthe
49 	moni
49 	morethan
49 	moved
49 	multi
49 	ndependent
49 	nost
49 	nstead
49 	onint
49 	orci
49 	overthe
49 	ps,
49 	sarea
49 	scien
49 	sover
49 	srepel
49 	store
49 	structure
49 	suchast
49 	tedbythe
49 	theCDP
49 	theas
49 	whenthe
50 	),and
50 	Maleshadamedianincomeof$
50 	October
50 	Sto
50 	alif
50 	atar
50 	athi
50 	chol
50 	covered
50 	entre
50 	eree
50 	gate
50 	hall
50 	ingre
50 	itto
50 	ityand
50 	levar
50 	manc
50 	nearl
50 	on,and
50 	oots
50 	orate
50 	ravel
50 	rche
50 	received
50 	respons
50 	sanda
50 	shop
50 	spee
50 	ssible
50 	teria
50 	theBa
50 	theBr
50 	ts,a
50 	umer
50 	ureof
50 	utes
51 	,then
51 	TheS
51 	While
51 	Willi
51 	asac
51 	aspa
51 	ationand
51 	body
51 	creati
51 	eading
51 	electr
51 	eope
51 	estro
51 	gher
51 	gues
51 	hana
51 	hroughthe
51 	idence
51 	inthetown
51 	inwhich
51 	laun
51 	ntheb
51 	nual
51 	occur
51 	oftheS
51 	ofther
51 	ological
51 	orover
51 	partofthe
51 	reaso
51 	reign
51 	rexample
51 	rgin
51 	ringa
51 	rlin
51 	sional
51 	siso
51 	trong
51 	tsare
51 	vious
51 	wasfo
51 	whicht
52 	Ban
52 	Themedianincomeforahouseholdinthe
52 	Thepercapitaincomeforthe
52 	aredi
52 	areo
52 	attempt
52 	burg
52 	dfromthe
52 	dsin
52 	dthere
52 	either
52 	ence.
52 	estof
52 	half
52 	havea
52 	hina
52 	itch
52 	man,
52 	mtra
52 	npar
52 	ofR
52 	partofth
52 	project
52 	rofes
52 	tedon
52 	tedthat
52 	temi
52 	tocon
52 	ttempt
52 	unter
52 	withs
53 	"was
53 	,although
53 	Demographics.
53 	Forevery100femalesage18andover,therewere
53 	Ins
53 	NewYork
53 	anish
53 	appl
53 	code
53 	dedby
53 	dedthe
53 	dforthe
53 	edbe
53 	edir
53 	emis
53 	entati
53 	ersand
53 	father
53 	hename
53 	hise
53 	hthes
53 	human
53 	inG
53 	influence
53 	inste
53 	inthep
53 	ledto
53 	lyde
53 	mefora
53 	ndha
53 	nele
53 	ngfr
53 	nson
53 	ntand
53 	nver
53 	ognit
53 	oldinthe
53 	rable
53 	ride
53 	sfort
53 	sthem
53 	stheo
53 	tedas
53 	thato
53 	thenorth
53 	theres
53 	thesouth
53 	thist
53 	tingo
53 	uation
53 	wasm
53 	yri
54 	,andw
54 	,suchas
54 	;and
54 	History.
54 	alwa
54 	andhis
54 	atives
54 	attr
54 	belowthepovertyline,including
54 	best
54 	company
54 	eparat
54 	erou
54 	experi
54 	ground
54 	heas
54 	heearly
54 	highe
54 	icis
54 	insu
54 	issue
54 	kers
54 	lent
54 	meas
54 	nary
54 	ndhe
54 	ntis
54 	obal
54 	rning
54 	serva
54 	theis
54 	uary1
54 	ware
54 	y20
55 	,thep
55 	,when
55 	189
55 	AccordingtotheUnitedStatesCensusBureau,the
55 	Fro
55 	afamily
55 	andst
55 	arne
55 	ate,
55 	bser
55 	combin
55 	dast
55 	din19
55 	dingthe
55 	dthemed
55 	e,whi
55 	ereo
55 	esfor
55 	fire
55 	ghto
55 	iction
55 	lities
55 	mein
55 	nthew
55 	ntifi
55 	onda
55 	possibl
55 	rena
55 	sines
55 	sname
55 	terd
55 	termin
55 	thehi
55 	uck
55 	unded
55 	various
56 	Theco
56 	andmo
56 	anex
56 	artofthe
56 	asedo
56 	atedint
56 	attle
56 	calc
56 	deth
56 	developed
56 	edtobe
56 	eenc
56 	entofthe
56 	eratu
56 	fors
56 	icto
56 	ills
56 	insi
56 	inthef
56 	introduc
56 	inut
56 	isca
56 	ismo
56 	itua
56 	lows
56 	ncie
56 	nstruction
56 	nthen
56 	ofthese
56 	ouncil
56 	peration
56 	ports
56 	rasi
56 	reand
56 	reca
56 	rical
56 	sfirst
56 	signa
56 	space
56 	tenc
56 	thepopulationwasspreadoutwith
56 	theworld
56 	tings
56 	tionb
56 	toas
56 	verse
56 	ysta
57 	;the
57 	anand
57 	anch
57 	anima
57 	arei
57 	artofth
57 	belowthepovertyline
57 	entf
57 	forh
57 	hasthe
57 	hun
57 	icanA
57 	icult
57 	idenc
57 	independen
57 	iths
57 	kcol
57 	loped
57 	mese
57 	model
57 	munic
57 	nofa
57 	offam
57 	oftheb
57 	on's
57 	ords
57 	ounta
57 	proper
57 	tedwith
57 	the200
57 	theJ
57 	wards
58 	'sl
58 	One
58 	Per
58 	Sin
58 	Thee
58 	allya
58 	belie
58 	edso
58 	eholdin
58 	eind
58 	eisl
58 	emid
58 	eplay
58 	esco
58 	gent
58 	history
58 	hofthe
58 	inB
58 	iner
58 	iscon
58 	ityt
58 	landand
58 	ltin
58 	mant
58 	nian
58 	niso
58 	omea
58 	reffo
58 	rous
58 	sman
58 	thathe
58 	thetime
58 	thinthe
58 	tionsin
58 	tnam
59 	History
59 	Then
59 	University
59 	abu
59 	andB
59 	arious
59 	center
59 	dela
59 	edina
59 	emore
59 	esear
59 	eswith
59 	exce
59 	hereth
59 	important
59 	inthecity
59 	isho
59 	llect
59 	minist
59 	nges
59 	omat
59 	onge
59 	rgen
59 	sares
59 	scal
59 	single
59 	team
59 	ttothe
59 	veda
60 	192
60 	In20
60 	age.
60 	al.
60 	andde
60 	anie
60 	anst
60 	ationin
60 	ceived
60 	ecan
60 	eina
60 	eloc
60 	enum
60 	eorg
60 	exist
60 	foraf
60 	fromother
60 	function
60 	iali
60 	ington
60 	itera
60 	onbe
60 	political
60 	program
60 	prope
60 	receive
60 	sinclude
60 	sons
60 	ssis
60 	stron
60 	targ
60 	thecitywas
60 	thepla
60 	thepopulationwas
60 	thod
60 	tothes
60 	ueso
60 	ythat
61 	Island
61 	National
61 	Spa
61 	andover
61 	ansp
61 	artin
61 	aspe
61 	atch
61 	contain
61 	dthatthe
61 	dthen
61 	eRe
61 	eban
61 	elle
61 	ember1
61 	eredt
61 	eshad
61 	ewar
61 	fthi
61 	gnos
61 	iddl
61 	istra
61 	level
61 	nesse
61 	odern
61 	olli
61 	osy
61 	rasa
61 	retir
61 	rinc
61 	ryand
61 	soneof
61 	sthr
61 	tche
61 	tcom
61 	thand
61 	wouldbe
62 	Will
62 	actic
62 	areg
62 	assa
62 	cewere
62 	colle
62 	considered
62 	conve
62 	country
62 	critic
62 	develope
62 	etho
62 	exper
62 	fine
62 	grow
62 	hadbeen
62 	hani
62 	heBa
62 	hehi
62 	isha
62 	ispr
62 	lou
62 	oute
62 	refor
62 	rother
62 	samo
62 	secu
62 	shar
62 	source
62 	spart
62 	tionc
62 	utin
62 	ylan
63 	2000,
63 	Mus
63 	andand
63 	andma
63 	ebra
63 	effect
63 	ency
63 	ersus
63 	esot
63 	estor
63 	hant
63 	icnu
63 	iles
63 	illia
63 	ingon
63 	ionth
63 	leand
63 	merc
63 	neti
63 	nstitut
63 	onco
63 	sandthe
63 	sfromthe
63 	thepe
63 	tose
63 	udes
63 	unic
63 	wasal
64 	,lo
64 	Ber
64 	afterthe
64 	andof
64 	arethe
64 	asalso
64 	aul
64 	cessi
64 	complete
64 	dedto
64 	distri
64 	e,including
64 	edhis
64 	epara
64 	ermo
64 	ethes
64 	etop
64 	formed
64 	heK
64 	hism
64 	hoft
64 	idea
64 	lsin
64 	n199
64 	nedin
64 	neta
64 	range
64 	rcon
64 	redb
64 	rres
64 	rtho
64 	rule
64 	sandc
64 	served
64 	ssociat
64 	thetownship
64 	version
64 	vethe
65 	10,
65 	Ste
65 	Thefi
65 	agen
65 	ague
65 	alof
65 	aswellas
65 	atedth
65 	author
65 	cente
65 	development
65 	dingth
65 	earch
65 	ector
65 	ehigh
65 	hasatotalareaof
65 	initi
65 	inne
65 	inve
65 	ntofthe
65 	oast
65 	rogram
65 	senti
65 	tries
65 	tsen
65 	wase
65 	â€”
66 	TheB
66 	abor
66 	andhi
66 	avea
66 	clan
66 	death
66 	estern
66 	inb
66 	ing"
66 	isas
66 	lfa
66 	liba
66 	methe
66 	milit
66 	nott
66 	official
66 	onfor
66 	ormed
66 	rank
66 	redin
66 	resse
66 	somet
66 	stofthe
66 	t,th
66 	ted.
66 	tour
66 	ttot
66 	uli
66 	vede
67 	During
67 	Geography
67 	High
67 	World
67 	aino
67 	ardi
67 	asra
67 	building
67 	cero
67 	edonthe
67 	entat
67 	eplace
67 	ewasa
67 	hase
67 	hinthe
67 	hisr
67 	intheU
67 	iqu
67 	itia
67 	lesh
67 	mals
67 	nanc
67 	ncea
67 	neso
67 	nle
67 	on'
67 	onia
67 	onwe
67 	orec
67 	otherr
67 	outthe
67 	played
67 	population.
67 	represent
67 	riz
67 	sands
67 	start
67 	tingthe
67 	tured
67 	whicha
68 	,all
68 	,not
68 	,while
68 	although
68 	amedi
68 	andon
68 	atit
68 	cean
68 	erip
68 	etit
68 	heat
68 	hepopulationde
68 	idema
68 	istrict
68 	itions
68 	lowthe
68 	matic
68 	nther
68 	particular
68 	ratu
68 	reig
68 	require
68 	slate
68 	tered
68 	themos
68 	themost
68 	thero
68 	y,and
68 	yline
69 	Min
69 	Theaveragehouseholdsizewas2.
69 	ableto
69 	ebec
69 	eens
69 	epers
69 	isen
69 	istory.
69 	lleg
69 	nwhich
69 	ofthose
69 	ools
69 	ques
69 	thesou
69 	trali
69 	tyand
69 	wide
69 	witho
70 	10.
70 	India
70 	allof
70 	awas
70 	ctin
70 	earea
70 	edinto
70 	einc
70 	eredis
70 	erthan
70 	holdin
70 	inea
70 	ingthat
70 	inthe1
70 	irat
70 	layed
70 	minis
70 	ntar
70 	ntsof
70 	popular
70 	retha
70 	sapp
70 	seds
70 	short
70 	sidere
70 	spir
70 	stthe
70 	sused
70 	tari
70 	thought
70 	tthet
70 	werebe
71 	York
71 	aile
71 	beli
71 	cest
71 	cluded
71 	comme
71 	eother
71 	exten
71 	immo
71 	ionsin
71 	mani
71 	members
71 	million
71 	ndependen
71 	office
71 	olat
71 	oraf
71 	ovie
71 	rgy
71 	rtra
71 	talo
71 	thecounty
71 	tian
71 	tionis
72 	(no
72 	aftert
72 	andwas
72 	assu
72 	ationofthe
72 	cale
72 	ceive
72 	distr
72 	dsout
72 	erva
72 	esinthe
72 	esis
72 	full
72 	given
72 	herth
72 	in"
72 	ister
72 	nders
72 	ndhi
72 	olution
72 	on(
72 	rant
72 	ront
72 	service
72 	shing
72 	stitut
72 	stone
72 	theex
72 	thegr
72 	ussa
73 	,thet
73 	ading
73 	almo
73 	anar
73 	anth
73 	atest
73 	azin
73 	ceso
73 	cially
73 	complet
73 	different
73 	earc
73 	ersin
73 	esses
73 	eswi
73 	eur
73 	ewas2.
73 	heis
73 	iated
73 	iron
73 	isnot
73 	lane
73 	local
73 	nalo
73 	narr
73 	nated
73 	ndat
73 	niza
73 	nthecity
73 	olan
73 	ondo
73 	overe
73 	oyal
73 	rran
73 	stop
73 	thefa
73 	thelo
73 	tinc
73 	tinga
74 	bon
74 	cies
74 	ectr
74 	edist
74 	hepla
74 	hereare
74 	levis
74 	nwere
74 	oftheC
74 	onve
74 	oundt
74 	ours
74 	period
74 	process
74 	raft
74 	sivel
74 	tnot
74 	trate
74 	unta
74 	uthor
74 	vec
75 	ayin
75 	ctiona
75 	cultur
75 	curren
75 	d,and
75 	ditional
75 	enet
75 	erethe
75 	imen
75 	ination
75 	ingtoget
75 	laro
75 	leth
75 	llet
75 	mada
75 	nemi
75 	niversity
75 	nthetown
75 	ooni
75 	oral
75 	orni
75 	rsand
75 	stant
75 	tell
75 	tene
75 	thing
75 	tionsof
75 	tually
75 	tude
75 	usedt
75 	were65yearsofageorolder.
75 	ylin
76 	Histor
76 	Some
76 	ainc
76 	alst
76 	dofthe
76 	eirf
76 	evelopment
76 	frie
76 	gati
76 	inC
76 	ingr
76 	ionb
76 	ment,
76 	ndthem
76 	nion
76 	ntheco
76 	nthel
76 	ography.
76 	onat
76 	opre
76 	ority
76 	owne
76 	sale
76 	sionof
76 	tect
76 	tedat
76 	tedf
76 	tsofthe
76 	yinthe
77 	African
77 	Histo
77 	Ina
77 	Nation
77 	activ
77 	albu
77 	areb
77 	atotal
77 	bera
77 	conv
77 	cour
77 	demi
77 	dother
77 	e200
77 	eadi
77 	eins
77 	eisa
77 	enceo
77 	epublic
77 	eswere
77 	hard
77 	ights
77 	ilita
77 	intothe
77 	lami
77 	ndand
77 	ndep
77 	nglis
77 	nts,
77 	ofthei
77 	orne
77 	porti
77 	return
77 	thata
77 	thatw
77 	thefor
77 	theth
77 	tment
78 	"th
78 	,is
78 	anyo
78 	arec
78 	areth
78 	betweenthe
78 	cera
78 	conta
78 	eCa
78 	edot
78 	edtoa
78 	eena
78 	eoff
78 	fig
78 	isalso
78 	lari
78 	lection
78 	mission
78 	ncei
78 	nici
78 	niversit
78 	ntere
78 	perati
78 	release
78 	signed
78 	ssth
78 	thear
78 	tode
78 	you
79 	School
79 	allt
79 	andA
79 	areaof
79 	arter
79 	atha
79 	edie
79 	eight
79 	erebe
79 	henthe
79 	heres
79 	icti
79 	inhis
79 	llowed
79 	lmake
79 	ment.
79 	next
79 	nters
79 	ofP
79 	ovem
79 	prove
79 	rang
79 	rean
79 	rpre
79 	stance
79 	stoc
79 	theCo
79 	tina
80 	)is
80 	French
80 	Str
80 	aca
80 	asma
80 	atea
80 	based
80 	capita
80 	create
80 	disp
80 	equa
80 	ethan
80 	housingunitsatanaveragedensityof
80 	ifor
80 	imin
80 	iswa
80 	lation.
80 	nning
80 	ofthef
80 	perio
80 	pora
80 	posed
80 	rofi
80 	sont
80 	stal
80 	tens
80 	tives
80 	vingto
81 	Census
81 	Inter
81 	ablet
81 	agefa
81 	alk
81 	anno
81 	anto
81 	asco
81 	bility
81 	ds,and
81 	emin
81 	erni
81 	however
81 	ntf
81 	nthea
81 	onna
81 	oses
81 	ownt
81 	portan
81 	right
81 	rwas
81 	sedto
81 	spread
81 	thesame
81 	tinthe
81 	tionto
81 	tree
81 	waso
82 	0census
82 	Dem
82 	among
82 	anta
82 	communit
82 	dpro
82 	eatt
82 	ereth
82 	esofthe
82 	gniti
82 	heret
82 	ingis
82 	iting
82 	lyco
82 	menti
82 	ntan
82 	nthee
82 	numberof
82 	ographic
82 	person
82 	prin
82 	respon
82 	sport
82 	tele
82 	tribut
82 	tsfo
83 	Pri
83 	alls
83 	anet
83 	arli
83 	become
83 	dtr
83 	edens
83 	erwa
83 	fterthe
83 	hegr
83 	islocated
83 	lter
83 	nedto
83 	ngla
83 	nthat
83 	osts
83 	perform
83 	position
83 	provide
83 	rail
83 	stso
83 	ternati
83 	uel
84 	City
84 	anata
84 	aris
84 	aset
84 	atem
84 	cein
84 	charac
84 	character
84 	dence
84 	eason
84 	eval
84 	hris
84 	ingwiththe
84 	ites
84 	lands
84 	lave
84 	meta
84 	nAmerican
84 	ndst
84 	region
84 	ritis
84 	romot
84 	tende
84 	toha
84 	ultur
84 	wereb
85 	Som
85 	Tra
85 	ache
85 	alen
85 	anyr
85 	conf
85 	dits
85 	donthe
85 	down
85 	ehad
85 	ent,and
85 	estab
85 	herac
85 	inist
85 	isers
85 	island
85 	makeupofthe
85 	nton
85 	siono
85 	sow
85 	tfol
85 	ways
85 	weremadeupofindividuals
85 	y,the
86 	ality
86 	anes
86 	avel
86 	because
86 	book
86 	built
86 	claim
86 	dare
86 	eated
86 	ented
86 	forf
86 	great
86 	hevillage
86 	ifit
86 	istan
86 	ively
86 	leva
86 	ls.
86 	much
86 	ncy
86 	ntern
86 	ryin
86 	seas
86 	siona
86 	span
86 	sthec
86 	stori
86 	tatu
86 	thesi
86 	tifi
86 	tory.
86 	tsth
86 	unity
86 	utat
86 	wasp
87 	All
87 	Ano
87 	agains
87 	anas
87 	eaof
87 	ements
87 	ental
87 	ethi
87 	eunder
87 	example
87 	housing
87 	hthem
87 	ieve
87 	isk
87 	istic
87 	itso
87 	ngre
87 	nthef
87 	osti
87 	rnin
87 	sana
87 	sele
87 	special
87 	ssuchas
87 	terp
87 	theH
87 	thesta
88 	,19
88 	atah
88 	curre
88 	egen
88 	erte
88 	etre
88 	ge.
88 	general
88 	heda
88 	ingalo
88 	knownas
88 	lete
88 	minat
88 	olitic
88 	original
88 	orin
88 	ourt
88 	owthe
88 	proce
88 	provid
88 	rthan
88 	shin
88 	spla
88 	ssucha
88 	strict
88 	sual
88 	subs
88 	theno
89 	,where
89 	Isla
89 	aser
89 	atta
89 	deci
89 	done
89 	dpres
89 	eased
89 	ened
89 	erent
89 	erest
89 	erofthe
89 	ffice
89 	hasbeen
89 	helo
89 	hewas
89 	hisp
89 	icor
89 	ntial
89 	odel
89 	oset
89 	ping
89 	rought
89 	satan
89 	softhec
89 	spar
89 	stm
89 	theba
89 	thert
89 	tures
89 	until
89 	whichw
90 	,thec
90 	Itis
90 	South
90 	alare
90 	around
90 	case
90 	cast
90 	couple
90 	ctionof
90 	doft
90 	ename
90 	enas
90 	hepa
90 	itical
90 	itya
90 	sane
90 	thebo
90 	uest
90 	utho
90 	vely
90 	wasf
90 	ylev
91 	In19
91 	below
91 	ective
91 	eport
91 	eson
91 	former
91 	hint
91 	ices
91 	lling
91 	makeup
91 	nce.
91 	nfa
91 	nks
91 	nose
91 	occu
91 	oped
91 	rega
91 	result
91 	skn
91 	stabl
91 	table
91 	toma
91 	tres
91 	tthat
91 	unn
92 	appear
92 	dthei
92 	econs
92 	edin1
92 	egam
92 	enco
92 	enden
92 	ersh
92 	foret
92 	havebeen
92 	igned
92 	lian
92 	mage
92 	nedne
92 	nstruct
92 	onas
92 	rned
92 	sting
92 	tedint
92 	ter.
92 	terof
92 	thor
93 	allow
93 	elin
93 	enis
93 	erci
93 	esofth
93 	ics.
93 	iesand
93 	ifie
93 	inati
93 	ingm
93 	inm
93 	itwas
93 	language
93 	nction
93 	nvi
93 	ormore
93 	rast
93 	redto
93 	sine
93 	sition
93 	tein
93 	thof
93 	tsar
93 	vedt
93 	wasn
93 	within
94 	%were
94 	adem
94 	aking
94 	andso
94 	apro
94 	ately
94 	ched
94 	ches
94 	cular
94 	dover
94 	duringthe
94 	eRo
94 	eforthe
94 	epos
94 	heper
94 	hisf
94 	ience
94 	impo
94 	lding
94 	mitt
94 	porte
94 	reet
94 	spor
94 	tali
94 	tish
94 	ttim
94 	uple
95 	John
95 	acter
95 	age18and
95 	consider
95 	dex
95 	dingin
95 	elev
95 	ences
95 	esfo
95 	ests
95 	hast
95 	ingb
95 	ofse
95 	spect
95 	uary
95 	vele
95 	ycon
96 	These
96 	along
96 	asso
96 	aves
96 	dered
96 	e,in
96 	egion
96 	foro
96 	from1
96 	ftert
96 	gede
96 	gram
96 	hisi
96 	ingand
96 	landa
96 	lers
96 	marg
96 	mill
96 	orof
96 	polit
96 	produce
96 	ropo
96 	tilop
96 	trai
96 	xample
97 	andis
97 	andthea
97 	ball
97 	common
97 	enb
97 	erate
97 	ering
97 	etir
97 	findi
97 	gnire
97 	gree
97 	ine,
97 	inhi
97 	ityi
97 	ller
97 	llion
97 	ndwa
97 	nema
97 	ntal
97 	ownship
97 	pofthe
97 	rite
97 	several
97 	success
97 	units
97 	usof
97 	wasre
97 	were6
98 	,anda
98 	194
98 	aded
98 	appro
98 	arat
98 	atedin
98 	depend
98 	eroft
98 	ervice
98 	hepopulationwas
98 	inor
98 	lain
98 	mentof
98 	note
98 	ofhis
98 	ography
98 	ollowing
98 	onte
98 	rpla
98 	thas
98 	usic
99 	canbe
99 	coll
99 	enl
99 	erde
99 	heen
99 	hso
99 	ionsof
99 	lack
99 	leso
99 	mero
99 	nMa
99 	ners
99 	ntil
99 	ollowin
99 	orem
99 	osel
99 	ouldbe
99 	ousin
99 	thewa
99 	tionand
99 	tions.
99 	xte
100 	andS
100 	dlei
100 	ecap
100 	ecent
100 	ecto
100 	entin
100 	erform
100 	ermi
100 	erper
100 	esli
100 	ester
100 	ield
100 	in18
100 	ity,
100 	mine
100 	named
100 	o.
100 	others
100 	oughthe
100 	persquaremile(
100 	prev
100 	reis
100 	repre
100 	rsta
100 	rsto
100 	sandt
100 	thecom
100 	thedi
101 	"and
101 	Africa
101 	Forevery
101 	action
101 	anav
101 	cover
101 	dents
101 	eals
101 	ecomm
101 	ertha
101 	esam
101 	gei
101 	government
101 	missi
101 	ntri
101 	onne
101 	revoc
101 	suppo
101 	theF
101 	was2
101 	weren
101 	will
101 	years.
102 	andar
102 	eart
102 	herei
102 	hisc
102 	ionto
102 	lesa
102 	oreth
102 	prot
102 	rero
102 	rien
102 	second
102 	thera
102 	together
103 	ante
103 	becom
103 	blet
103 	canb
103 	cient
103 	countr
103 	direct
103 	echa
103 	edhi
103 	ession
103 	etna
103 	four
103 	hesta
103 	hop
103 	ingd
103 	ions,
103 	ithin
103 	mans
103 	medianincome
103 	nerr
103 	odet
103 	relati
103 	snam
103 	thcentury
103 	ured
104 	alfo
104 	asta
104 	din1
104 	ekn
104 	ersit
104 	incomefor
104 	iven
104 	lope
104 	ndit
104 	nke
104 	ofla
104 	ofthem
104 	onv
104 	operat
104 	orie
104 	rint
104 	since
104 	theI
104 	tire
104 	tisre
104 	urg
105 	,andi
105 	alsand
105 	cade
105 	denc
105 	edac
105 	epresent
105 	erwith
105 	iding
105 	nother
105 	ousi
105 	rear
105 	record
105 	s,s
105 	uper
105 	vinga
105 	vision
106 	agu
106 	eab
106 	eati
106 	eive
106 	eog
106 	esthat
106 	goe
106 	hara
106 	istri
106 	nca
106 	onsof
106 	oop
106 	ores
106 	remain
106 	rmer
106 	sult
106 	thece
106 	times
106 	uses
106 	village
107 	.9%
107 	aira
107 	aria
107 	conce
107 	cture
107 	dingi
107 	disno
107 	enan
107 	espo
107 	esul
107 	expe
107 	force
107 	itiona
107 	nane
107 	nsw
107 	oneofthe
107 	onsid
107 	orti
107 	ositi
107 	oye
107 	thene
107 	uis
108 	arried
108 	comple
108 	eAmerican
108 	easo
108 	emost
108 	es"
108 	herewere1
108 	ink
108 	lthe
108 	nceof
108 	ofind
108 	olon
108 	reven
108 	sata
108 	thath
108 	thepro
108 	toco
108 	west
108 	whowas
109 	Thepopulation
109 	acid
109 	amb
109 	asit
109 	back
109 	dwas
109 	edfrom
109 	efam
109 	ffici
109 	ianin
109 	nside
109 	ocia
109 	ofB
109 	osta
109 	pport
109 	rsin
109 	school
109 	tala
109 	theT
109 	theW
109 	thern
110 	Thef
110 	dero
110 	ecomp
110 	edsi
110 	emon
110 	eration
110 	ersu
110 	esus
110 	ians
110 	ining
110 	member
110 	nitsa
110 	nthep
110 	oldi
110 	ored
110 	ounc
110 	oved
110 	reli
110 	rsit
110 	squaremile
110 	toget
110 	whowa
111 	Nort
111 	North
111 	War
111 	amon
111 	astr
111 	atedi
111 	before
111 	design
111 	dthem
111 	enat
111 	ended
111 	eredi
111 	etwo
111 	heav
111 	hert
111 	idere
111 	lita
111 	llowing
111 	logi
111 	omeof
111 	para
111 	racti
111 	rence
111 	small
111 	sone
111 	take
111 	tane
111 	thecon
112 	White
112 	aster
112 	egas
112 	essu
112 	inS
112 	ingwith
112 	llowin
112 	mberof
112 	nish
112 	omple
112 	oxi
112 	pect
112 	rebe
112 	sage
112 	tedthe
112 	ung
113 	German
113 	eado
113 	eris
113 	esec
113 	lion
113 	neda
113 	ocal
113 	onta
113 	playe
113 	sedin
113 	self
113 	theri
113 	thesa
113 	titu
113 	total
114 	aced
114 	andco
114 	angu
114 	crep
114 	deca
114 	dest
114 	etothe
114 	film
114 	gion
114 	ially
114 	inginthe
114 	ions.
114 	lthough
114 	mbers
114 	n,and
114 	nten
114 	ofit
114 	omor
114 	perc
114 	rbo
114 	redis
114 	scom
114 	thepopulationw
114 	yis
115 	carr
115 	ecord
115 	esou
115 	espec
115 	llit
115 	ninco
115 	omef
115 	south
115 	till
116 	alw
116 	change
116 	ecause
116 	erca
116 	foreb
116 	ically
116 	isal
116 	lysi
116 	move
116 	nota
116 	origin
116 	sato
116 	sions
116 	strat
116 	vingt
117 	Accordingto
117 	ases
117 	cret
117 	ers,
117 	govern
117 	inde
117 	istory
117 	lein
117 	niel
117 	nsta
117 	ofthet
117 	raci
117 	redo
117 	terc
117 	thn
117 	yfor
118 	aninc
118 	const
118 	dthea
118 	edtothe
118 	efu
118 	erco
118 	erro
118 	hesi
118 	lear
118 	ndco
118 	often
118 	ones
118 	orre
118 	porta
118 	repor
118 	the20
118 	theme
119 	)and
119 	18and
119 	arepo
119 	artne
119 	artof
119 	asat
119 	dsome
119 	egro
119 	entra
119 	hemi
119 	home
119 	inia
119 	light
119 	ncon
119 	ntha
119 	opera
119 	orge
119 	overnment
119 	reof
119 	rks
119 	size
119 	sona
119 	theE
119 	thecount
119 	theso
120 	Geo
120 	alin
120 	and"
120 	bers
120 	children
120 	elow
120 	esea
120 	ledt
120 	mmon
120 	national
120 	oneofth
120 	power
120 	rein
120 	rmin
120 	ropp
120 	rted
120 	shad
120 	ssin
120 	tall
120 	theG
120 	thede
120 	tnet
121 	disn
121 	edtoth
121 	give
121 	head
121 	ies,
121 	north
121 	resident
121 	theor
121 	utthe
122 	ceto
122 	eform
122 	ewith
122 	ntothe
122 	stern
122 	thers
122 	tingt
122 	tlan
122 	vest
123 	aand
123 	anic
123 	aper
123 	ense
123 	hecom
123 	hero
123 	lang
123 	lement
123 	leof
123 	mefor
123 	neofthe
123 	ofall
123 	repa
123 	thecoun
124 	aland
124 	ants
124 	ateda
124 	ctr
124 	eath
124 	egot
124 	eigh
124 	erel
124 	es,and
124 	ewere1
124 	find
124 	flu
124 	group
124 	hepe
124 	hri
124 	icia
124 	ingal
124 	lere
124 	lwa
124 	nced
124 	nceo
124 	road
124 	urre
125 	ationwas
125 	entt
125 	ispa
125 	non-
125 	of"
125 	reac
125 	secon
125 	three
125 	uter
126 	amin
126 	anal
126 	cult
126 	e,the
126 	emade
126 	eneral
126 	erson
126 	genera
126 	hecount
126 	individual
126 	ingp
126 	kmÂ²)
126 	lana
126 	ndis
126 	nima
126 	ple,
126 	provi
126 	rain
126 	reme
126 	tast
126 	terth
126 	those
126 	tsat
126 	wasr
127 	,who
127 	Engl
127 	andan
127 	andre
127 	artic
127 	beco
127 	icl
127 	ncet
127 	olit
127 	opi
127 	rive
127 	sure
127 	tilo
128 	%from
128 	,therewere
128 	anad
128 	and,
128 	arrie
128 	dana
128 	egu
128 	eone
128 	esha
128 	gover
128 	issi
128 	major
128 	nity
128 	nstru
128 	oneh
128 	press
128 	terna
128 	theUnitedStates
128 	water
129 	2010
129 	arin
129 	century
129 	communi
129 	heD
129 	ingc
129 	ity.
129 	like
129 	mento
129 	nica
129 	otes
129 	rade
129 	swas
129 	tist
129 	tsit
129 	unti
129 	ures
130 	atan
130 	commun
130 	gon
130 	inthec
130 	lasa
130 	nationa
130 	nct
130 	nua
130 	stud
131 	%ofthepopulation
131 	again
131 	ionand
131 	irav
131 	osed
131 	rter
131 	rtt
131 	scri
131 	tics
131 	vari
131 	writ
132 	diff
132 	e's
132 	ently
132 	hecon
132 	inge
132 	orpo
132 	shave
132 	tage
132 	uat
133 	ages
133 	aire
133 	dfrom
133 	emor
133 	enre
133 	erand
133 	eria
133 	ffere
133 	fra
133 	herea
133 	lda
133 	point
133 	rome
133 	sega
133 	temp
133 	yrut
134 	2000
134 	ago
134 	eden
134 	efrom
134 	ionin
134 	lone
134 	ndar
134 	oga
134 	onb
134 	order
134 	re1
134 	reen
134 	reso
134 	system
134 	wasthe
135 	acco
135 	compl
135 	enter
135 	erge
135 	gand
135 	hecoun
135 	heor
135 	ichi
135 	imate
135 	overt
135 	rity
135 	rofthe
135 	same
135 	sfi
135 	site
135 	vice
136 	ageh
136 	anan
136 	arth
136 	ava
136 	bit
136 	dim
136 	dtothe
136 	eave
136 	elu
136 	esol
136 	hega
136 	ication
136 	ingan
136 	ithi
136 	leto
136 	mid
136 	nana
136 	otel
136 	tend
136 	the19
136 	thefirst
137 	aln
137 	ewho
137 	fice
137 	heUnitedStates
137 	icul
137 	iger
137 	ing.
137 	ision
137 	ized
137 	neofth
137 	nger
137 	nla
137 	regi
137 	resp
138 	andl
138 	chin
138 	gli
138 	heT
138 	imil
138 	itw
138 	limi
138 	offic
138 	rele
138 	remo
138 	rian
138 	scho
138 	star
138 	tiu
138 	ural
139 	Ana
139 	cks
139 	cli
139 	ebu
139 	htwo
139 	ista
139 	llas
139 	oman
139 	owas
139 	owth
139 	residen
139 	sawo
139 	show
139 	someo
139 	trad
139 	tun
139 	uringthe
140 	called
140 	creat
140 	dtoth
140 	edand
140 	edco
140 	edtot
140 	ndof
140 	nhis
140 	orat
140 	rther
140 	serve
140 	spu
140 	square
140 	tint
141 	Thec
141 	arn
141 	erio
141 	esar
141 	hena
141 	ires
141 	itywas
141 	list
141 	lowe
141 	ntot
141 	oire
141 	ompl
141 	roduce
141 	seri
141 	stre
141 	twith
141 	ying
142 	,including
142 	ained
142 	alth
142 	cien
142 	emedi
142 	later
142 	oget
142 	ples
142 	rever
142 	tego
142 	uction
142 	vem
143 	8and
143 	County
143 	ereb
143 	ers.
143 	esign
143 	hang
143 	meth
143 	mits
143 	rated
143 	rba
143 	requ
143 	rote
143 	stim
143 	theR
144 	asto
144 	ccess
144 	ctions
144 	eque
144 	hene
144 	llag
144 	n18
144 	nthet
144 	orps
144 	run
144 	spre
144 	spro
145 	aces
145 	became
145 	cere
145 	cide
145 	edic
145 	elect
145 	erec
145 	erra
145 	esso
145 	iani
145 	init
145 	mini
145 	seda
145 	sres
145 	theN
145 	tiont
145 	yha
145 	yse
146 	alco
146 	ecer
146 	er,th
146 	heG
146 	ingof
146 	located
146 	ocla
146 	perat
146 	rece
147 	,whe
147 	Thea
147 	ator
147 	chil
147 	ctive
147 	edp
147 	epi
147 	forc
147 	inis
147 	ming
147 	ofthepo
147 	owing
147 	rota
147 	sian
147 	theUnited
148 	acifi
148 	edm
148 	etime
148 	ifica
148 	ofwhich
148 	rali
148 	tionwas
148 	tma
148 	tual
149 	Fore
149 	ather
149 	base
149 	conc
149 	eep
149 	erfor
149 	he2
149 	isin
149 	leme
149 	rofre
149 	undertheageof18
150 	ehousehold
150 	hede
150 	ntain
150 	pose
150 	struct
150 	ually
151 	000,
151 	Nati
151 	alre
151 	aly
151 	develop
151 	emain
151 	erla
151 	heri
151 	nsp
151 	ogi
151 	ston
151 	tup
151 	yla
152 	ames
152 	ccordingto
152 	einthe
152 	emil
152 	erie
152 	follow
152 	hepopulationw
152 	ivers
152 	ngwith
152 	number
152 	reate
152 	thefo
152 	trac
153 	aged
153 	entl
153 	ient
153 	ilm
153 	ohn
153 	tet
153 	tnei
153 	vere
154 	andpr
154 	density
154 	emar
154 	near
154 	nship
154 	odes
154 	ofthes
154 	rect
154 	sedo
154 	sland
154 	ystem
155 	dac
155 	divid
155 	ethat
155 	leas
155 	lyc
155 	oneof
155 	r,the
155 	rci
155 	rovi
155 	ry1
155 	stic
155 	trans
155 	turn
156 	entof
156 	ervi
156 	males.
156 	noth
156 	once
156 	posi
156 	rist
156 	thein
156 	tota
156 	uringth
156 	ustr
157 	abi
157 	eder
157 	females
157 	heUnited
157 	ofC
157 	rdingt
157 	rede
158 	"The
158 	In1
158 	ected
158 	epres
158 	forme
158 	found
158 	ranc
158 	tote
158 	ution
158 	well
159 	65yearsofageorolder.
159 	Bri
159 	Cen
159 	ason
159 	efore
159 	erau
159 	imes
159 	ionofthe
159 	meof
159 	ntly
159 	omin
159 	onde
159 	rtha
159 	rwa
159 	speci
160 	ales.
160 	asan
160 	enin
160 	gue
160 	hers
160 	iza
160 	lage
160 	levi
160 	nasa
160 	nine
160 	orolder
160 	orte
160 	the"
161 	about
161 	andf
161 	anti
161 	asw
161 	chool
161 	early
161 	edom
161 	feren
161 	hool
161 	lart
161 	mall
161 	mode
161 	nding
161 	ofan
161 	tedby
162 	hecou
162 	ing,
162 	iter
162 	nd,
162 	ndre
162 	ne,
162 	nha
162 	onofthe
162 	oya
162 	place
162 	pte
162 	repr
162 	reti
162 	stl
162 	tbe
163 	dge
163 	e20
163 	evelop
163 	ingu
163 	ker
163 	lst
163 	nt.
163 	rder
163 	resu
163 	ttle
163 	yste
164 	5years
164 	eent
164 	erve
164 	ionwas
164 	mmi
164 	nsof
164 	ofo
164 	orld
164 	s,the
164 	thema
164 	themo
164 	using
165 	,he
165 	Fre
165 	ccord
165 	consi
165 	eam
165 	liti
165 	offi
165 	ossi
165 	prop
165 	saf
165 	stp
166 	alsi
166 	entur
166 	isla
166 	lyin
166 	stem
167 	New
167 	ares
167 	gain
167 	ives
167 	mati
167 	niz
167 	ollow
167 	tami
167 	theP
167 	theage
168 	Ve
168 	edthat
168 	eirr
168 	elim
168 	ingl
168 	ject
168 	mile
168 	rrie
168 	umber
169 	,with
169 	ecre
169 	ehous
169 	event
169 	fall
169 	howe
169 	include
169 	n's
169 	olle
169 	onto
169 	public
169 	tdi
169 	thest
170 	e,t
170 	edise
170 	efil
170 	eside
170 	him
170 	ists
170 	law
170 	lyr
170 	make
170 	ryl
170 	salso
170 	sep
170 	slat
170 	tals
170 	tedto
170 	through
170 	wal
170 	yearsof
171 	Whi
171 	aint
171 	alar
171 	atro
171 	buil
171 	cause
171 	during
171 	erei
171 	esno
171 	etan
171 	etl
171 	iere
171 	less
171 	lte
171 	menta
171 	nate
171 	nment
171 	omet
171 	orta
171 	radi
171 	scon
171 	temo
172 	contr
172 	es,a
172 	theM
172 	tioni
173 	anat
173 	asei
173 	awa
173 	iesa
173 	n20
173 	on-
173 	sfrom
173 	tana
173 	tary
173 	truc
173 	ull
173 	werem
173 	yrat
174 	ank
174 	ders
174 	iati
174 	inv
174 	itai
174 	onis
174 	rove
174 	wass
175 	rial
175 	suchas
175 	thev
175 	tori
176 	ating
176 	ce.
176 	census
176 	ful
176 	income
176 	pani
176 	peci
176 	reda
176 	tedth
177 	Therewere
177 	ege
177 	erac
177 	grou
177 	hite
177 	onin
177 	shed
177 	tant
177 	theA
177 	tric
178 	amed
178 	asti
178 	ature
178 	dema
178 	enera
178 	itsa
178 	ncluding
179 	ccor
179 	edit
179 	eves
179 	hefirst
179 	hein
179 	hewa
179 	ndan
179 	redt
179 	seve
179 	tch
179 	theh
179 	though
179 	wth
180 	ceof
180 	eea
180 	eupof
180 	every
180 	oneo
180 	tert
180 	yearso
181 	andm
181 	cording
181 	forma
181 	hedi
181 	hefo
181 	peri
181 	theg
182 	,wi
182 	band
182 	emai
182 	iame
182 	r,t
182 	sals
182 	try
183 	etsi
183 	iste
183 	tore
183 	versi
184 	apr
184 	asm
184 	esse
184 	he"
184 	locat
184 	mic
185 	,there
185 	aste
185 	edfor
185 	etsa
185 	ived
185 	living
185 	llin
185 	roa
185 	us,
186 	arch
186 	erto
186 	esthe
186 	iont
186 	ities
186 	opo
186 	sedt
186 	test
187 	Inthe
187 	ng,
187 	ntur
187 	phi
187 	sist
187 	tsis
188 	hrough
188 	ingw
188 	sme
188 	swith
189 	an,
189 	andh
189 	ctor
189 	edbythe
189 	edh
189 	hand
189 	oint
189 	olog
189 	onwas
189 	tedb
189 	underthe
190 	arto
190 	esf
190 	hose
190 	isco
190 	ntro
190 	rthea
190 	sout
190 	sucha
190 	thre
190 	ward
191 	ause
191 	clude
191 	dedi
191 	etim
191 	ided
191 	istor
191 	ked
191 	known
191 	lliv
191 	mite
191 	rett
191 	tter
191 	vill
192 	Thes
192 	dame
192 	emad
192 	este
192 	ether
192 	hada
192 	hile
192 	inum
192 	ldin
192 	muni
192 	nces
192 	neof
192 	sbu
193 	199
193 	Coun
193 	divi
193 	east
193 	lls
193 	onand
193 	rethe
193 	round
193 	sdi
193 	seof
193 	tabl
194 	deri
194 	estr
194 	ired
194 	isthe
194 	ments
194 	nalp
194 	nted
194 	ofin
194 	plan
194 	quar
194 	rding
194 	thecity
194 	ury
194 	yru
195 	ent,
195 	evis
195 	fie
195 	reno
195 	sive
195 	tran
195 	when
195 	witha
196 	average
196 	cond
196 	dwa
196 	edinthe
196 	nthes
196 	thetown
197 	ease
197 	istr
197 	leo
197 	mate
197 	nofthe
197 	pti
197 	rans
197 	ry.
197 	stof
197 	thela
197 	â€“
198 	cated
198 	detac
198 	elec
198 	hing
198 	nderthe
198 	tedin
198 	thecit
199 	American
199 	artn
199 	eate
199 	enthe
199 	entr
199 	heM
199 	high
199 	indi
199 	lity
199 	ntra
199 	only
199 	ought
199 	rtne
199 	snot
200 	bes
200 	edwith
200 	family
200 	nthec
200 	orts
200 	ssion
200 	stro
201 	atte
201 	bar
201 	cau
201 	hemo
201 	ograph
201 	rab
202 	hasa
202 	oad
202 	renc
202 	rve
202 	swit
203 	andin
203 	inat
203 	nwon
203 	rvi
204 	Da
204 	aD
204 	areva
204 	avera
204 	ection
204 	edul
204 	lude
204 	rog
205 	His
205 	alan
205 	anre
205 	efro
205 	erna
205 	orfe
205 	pin
206 	evil
206 	fri
206 	ides
206 	live
206 	ordin
206 	sedi
206 	tap
206 	the1
206 	ucha
206 	where
207 	aine
207 	amily
207 	large
207 	would
208 	anis
208 	came
208 	sina
208 	sinc
208 	theB
209 	ationw
209 	s,w
210 	assi
210 	dition
210 	ident
210 	present
210 	thepopulation
211 	alpe
211 	cifi
211 	epla
211 	ific
211 	illi
211 	noo
211 	oon
212 	,andthe
212 	This
212 	between
212 	ehi
212 	families
212 	ishe
212 	uto
212 	vic
213 	ageof
213 	bout
213 	earl
213 	iag
213 	ness
213 	tation
213 	tical
214 	ays
214 	grap
214 	hig
214 	prov
214 	tol
215 	"T
215 	Them
215 	ceo
215 	dist
215 	edat
215 	hetown
215 	ince
215 	theci
215 	tone
216 	nden
216 	nedn
217 	cce
217 	eper
217 	ppe
217 	tion,
217 	wast
218 	ased
218 	citi
218 	desa
218 	erma
218 	itic
218 	know
218 	nort
218 	ntof
218 	ocat
218 	pera
218 	t,a
218 	tron
218 	umb
219 	15
219 	Li
219 	cation
219 	chan
219 	eved
219 	nbe
219 	thepr
220 	ains
220 	char
220 	each
220 	heA
220 	orde
220 	thatthe
221 	aga
221 	alon
221 	etween
221 	lig
221 	nded
222 	,st
222 	day
222 	hecity
222 	owi
222 	ringt
222 	sul
222 	teri
222 	ts,
223 	Cou
223 	edSt
223 	igi
223 	nfor
223 	nme
223 	rofn
223 	thefi
223 	ysi
224 	elf
224 	fle
224 	rent
224 	sch
224 	stru
224 	tner
224 	vert
225 	api
225 	in19
225 	inh
225 	reo
226 	andw
226 	cta
226 	erea
226 	resid
227 	7,
227 	anim
227 	hatthe
227 	hema
227 	hist
227 	long
227 	mina
227 	riti
227 	ver,
228 	edfo
228 	epar
228 	eter
228 	rape
228 	rican
228 	tog
229 	egan
229 	hecit
229 	plac
230 	Thi
230 	cted
230 	erfo
230 	llan
230 	nall
230 	nch
230 	ofre
230 	people
231 	ational
231 	itha
231 	tart
231 	trat
232 	arri
232 	erin
232 	ike
232 	lled
232 	nire
232 	sinthe
232 	ular
233 	Mar
233 	Thep
233 	To
233 	arte
233 	chas
233 	ctu
233 	ecal
233 	etra
233 	hera
233 	ious
233 	lace
233 	ounty
233 	play
233 	rni
233 	utc
234 	201
234 	media
234 	omeo
234 	tsof
235 	000
235 	foll
235 	llof
235 	nsit
235 	ofthep
235 	ordi
236 	,but
236 	dtha
236 	ilt
236 	rro
236 	tli
237 	desi
237 	edon
237 	hoo
237 	ised
237 	node
237 	rman
238 	asb
238 	thin
239 	asin
239 	ecar
239 	fora
239 	nisa
239 	race
240 	after
240 	oret
240 	tero
241 	,andth
241 	beca
241 	edas
241 	etha
241 	htsi
241 	isth
241 	itin
241 	nano
241 	niti
241 	nsh
241 	onan
242 	dde
242 	dwith
242 	entu
242 	main
242 	ofw
242 	utne
243 	United
244 	arly
244 	ation.
244 	ener
244 	iving
244 	rene
244 	sofa
244 	such
245 	America
245 	cei
245 	edan
245 	heh
245 	ilit
245 	livi
245 	ofthec
245 	uen
246 	alr
246 	rco
246 	rla
246 	work
247 	allo
247 	andc
247 	ange
247 	olla
247 	theS
248 	erage
248 	eres
248 	erica
248 	rdin
248 	sere
248 	state
248 	wel
249 	ffic
249 	ling
249 	ught
250 	dingt
250 	epor
250 	erse
250 	esre
250 	geof
250 	inn
250 	rope
250 	sity
251 	ama
251 	and1
251 	bal
251 	epro
251 	many
251 	outh
251 	rca
251 	thou
251 	ynam
252 	hpa
252 	ioni
252 	pof
253 	Po
253 	anu
253 	dla
253 	nly
253 	onst
253 	usin
254 	ash
254 	essi
254 	heci
254 	idet
254 	isse
254 	tedi
255 	nation
256 	ark
256 	ebr
256 	ember
256 	eran
256 	hepr
256 	idd
256 	orn
256 	qui
256 	rbe
256 	rest
257 	Ac
257 	erso
257 	leg
257 	rav
257 	roduc
257 	var
258 	erem
258 	gam
258 	mag
259 	dal
259 	erb
260 	eare
260 	esw
260 	irts
260 	lish
260 	sle
260 	stri
260 	they
260 	tionw
261 	bro
261 	cie
261 	dert
261 	embe
261 	evel
261 	female
261 	leve
261 	reco
261 	sag
262 	athe
262 	ationof
262 	cate
262 	etac
262 	gir
262 	hit
262 	rig
262 	these
263 	epre
263 	ept
263 	esand
263 	spec
263 	tofthe
263 	yand
264 	ines
264 	ract
264 	raf
265 	ensus
265 	le,
265 	lect
265 	que
266 	arb
266 	bra
266 	ingin
266 	tory
266 	unc
267 	edam
267 	elat
267 	ente
267 	hest
267 	inal
267 	made
267 	mea
267 	rand
268 	alm
268 	atur
268 	inco
268 	ityof
268 	slo
268 	thatt
268 	van
269 	asp
270 	amp
270 	heto
270 	loca
270 	ship
271 	ared
271 	nea
271 	tofth
271 	way
272 	dise
272 	esid
272 	mple
272 	nals
272 	slan
272 	tod
273 	,andt
273 	State
273 	heB
273 	lys
273 	theU
274 	79
274 	97
274 	ngis
274 	sign
275 	ille
275 	sca
275 	sfor
275 	swi
275 	vent
276 	aide
276 	alf
276 	edia
276 	ento
276 	ration
276 	roo
276 	stu
276 	very
277 	ed.
277 	eric
278 	,de
278 	ed,
278 	ion,
278 	nru
278 	owa
279 	adet
279 	fou
279 	ityo
279 	teda
280 	acti
280 	rough
281 	asre
281 	dfor
281 	ersa
281 	rme
281 	sst
281 	thew
282 	line
282 	oper
282 	repo
282 	ues
283 	eun
283 	hor
283 	male
284 	For
284 	edint
284 	eint
284 	enth
284 	hip
284 	irem
284 	log
284 	meri
284 	ovi
284 	pea
285 	ider
285 	onl
285 	redi
286 	alli
286 	amef
286 	andp
286 	argo
286 	illa
286 	nist
286 	ogra
286 	serv
286 	sthat
286 	tsin
286 	tsy
286 	ywas
287 	%of
287 	arti
287 	asu
287 	erag
287 	gare
287 	isti
287 	itsi
287 	usa
287 	wee
287 	yto
288 	89
288 	98
288 	Na
288 	aver
288 	inter
288 	llow
288 	reva
289 	hefi
289 	riv
290 	ationo
291 	ande
291 	dinthe
291 	e-
291 	edne
291 	ende
291 	ratio
292 	been
292 	eba
292 	eret
292 	oir
292 	oot
292 	rio
292 	tere
293 	eref
293 	fere
293 	lder
293 	lti
293 	rsof
294 	cord
294 	dwi
294 	ined
294 	king
294 	mili
294 	uring
295 	dand
295 	eng
295 	gne
295 	hatt
295 	heS
295 	iet
295 	tica
296 	cess
296 	fromthe
296 	inst
296 	ionw
296 	iser
296 	resi
296 	roft
296 	tfor
297 	fan
298 	anin
298 	bus
298 	ower
298 	rewo
299 	aut
299 	imp
299 	isto
299 	nwas
299 	tati
299 	tua
300 	cul
300 	luc
300 	thepo
301 	Stat
301 	oes
301 	seo
302 	aret
302 	ism
302 	tera
302 	ties
303 	inf
303 	wasa
304 	ego
304 	oge
304 	pers
304 	theC
304 	twas
305 	gat
306 	cht
306 	ecit
306 	heU
306 	ldi
306 	olde
306 	onc
306 	ress
306 	ries
306 	sser
306 	thc
306 	tia
306 	tice
307 	into
307 	tea
308 	There
308 	acc
308 	ageo
308 	ifi
308 	romthe
308 	tobe
309 	arge
309 	egra
309 	lav
309 	val
310 	Int
310 	nera
310 	rs.
310 	tern
311 	ensu
311 	esto
311 	fromth
311 	most
311 	rna
312 	ada
312 	sent
312 	theb
313 	ative
313 	ensi
313 	households
313 	neo
314 	iel
314 	lei
314 	ntin
314 	thed
314 	win
315 	Le
315 	area
315 	sic
316 	idem
316 	medi
316 	tyof
316 	urin
317 	esin
318 	ann
318 	arts
318 	ationa
318 	nna
318 	stra
319 	eag
319 	eren
319 	hepopulation
319 	nere
320 	enta
320 	toc
321 	bat
321 	edw
321 	eon
321 	ict
321 	tab
322 	No
322 	count
322 	eet
322 	sts
323 	cam
323 	desu
323 	holds
323 	ofr
323 	used
324 	first
325 	bor
325 	hter
325 	ingo
325 	ool
325 	reth
325 	twe
327 	,which
327 	call
327 	esti
327 	fter
327 	geh
327 	heg
327 	itse
327 	llac
328 	ement
328 	esth
328 	nfo
329 	12
329 	meo
330 	esh
330 	hey
330 	hse
330 	stha
331 	Ar
332 	sli
332 	than
332 	uct
333 	bet
333 	city
334 	enu
334 	esc
334 	get
334 	see
334 	their
334 	une
335 	ata
335 	atin
335 	ecom
335 	nita
336 	egar
336 	lth
336 	n19
336 	rage
336 	rema
336 	sbe
337 	bee
337 	esta
337 	sot
337 	tos
338 	ando
338 	nese
338 	unit
339 	dent
339 	etin
339 	qua
340 	dle
340 	dsi
340 	eld
340 	emb
340 	includ
340 	sou
340 	stan
340 	stor
341 	aft
341 	even
341 	neve
341 	tfa
342 	etw
342 	itis
342 	mas
342 	sam
342 	siti
343 	nso
343 	ould
343 	spa
344 	bythe
344 	come
344 	withthe
345 	eman
345 	forthe
345 	name
345 	tion.
345 	tit
345 	yan
346 	ngin
346 	omi
346 	ork
347 	top
348 	epop
348 	opl
348 	pope
348 	sint
348 	sret
348 	ster
348 	swere
348 	ters
349 	isp
349 	ngl
349 	psi
349 	rgo
349 	tand
350 	ais
350 	more
350 	ndin
350 	ning
350 	sia
350 	theo
351 	ings
351 	ult
352 	Ba
352 	coun
352 	ize
353 	spr
353 	tedt
354 	equ
355 	iden
355 	nedi
355 	twa
355 	withth
356 	rai
356 	uar
357 	Mo
357 	aso
357 	hro
357 	iththe
357 	town
358 	ecti
359 	irst
359 	nits
359 	stin
360 	heC
360 	herewere
360 	nne
361 	Hi
361 	sur
362 	abo
362 	hese
362 	oba
362 	toa
363 	nclud
364 	rdi
364 	time
365 	nwa
366 	cri
366 	irc
367 	isl
367 	rov
368 	epe
368 	ithth
369 	nand
370 	Uni
371 	esof
371 	fil
371 	lif
371 	rica
371 	tional
372 	ban
372 	dep
372 	ited
372 	nab
372 	ped
372 	ving
373 	cet
374 	che
374 	household
374 	ththe
375 	able
375 	ory
376 	ech
376 	hce
376 	under
376 	ute
377 	eop
378 	ack
378 	app
378 	comm
378 	erat
378 	itan
378 	nati
378 	stat
379 	oul
380 	lds
380 	olo
381 	,in
381 	cco
381 	ngo
382 	ges
382 	ican
382 	naci
383 	ehold
383 	population
384 	cial
384 	dere
384 	ered
385 	esr
385 	fromt
385 	ifo
385 	iver
385 	ofi
385 	revi
385 	rne
386 	edf
386 	vers
387 	asn
388 	rch
388 	s,and
389 	orc
389 	ors
389 	reat
389 	uth
390 	ruc
391 	dso
391 	vera
392 	rri
393 	pen
393 	tain
394 	war
395 	ition
396 	,whi
396 	wereh
397 	ersi
397 	ici
397 	ics
397 	in1
397 	isc
397 	isre
397 	iva
397 	sci
398 	cons
398 	etal
398 	late
398 	vid
399 	cte
399 	erv
400 	years
401 	eac
402 	mun
402 	num
404 	asthe
405 	won
406 	ations
406 	bli
406 	fol
406 	heo
406 	lof
406 	pri
406 	ubl
407 	It
407 	dint
410 	ece
410 	ngs
410 	ops
410 	spo
410 	thr
411 	asr
411 	have
411 	isno
411 	onsi
411 	rsa
413 	erthe
413 	etar
413 	rate
414 	ily
414 	new
414 	theco
415 	Ther
415 	cho
415 	dul
415 	eofthe
415 	sea
416 	dam
416 	mad
417 	bec
417 	cont
417 	sac
418 	cent
419 	erh
419 	famil
419 	hew
419 	hre
419 	this
420 	ara
420 	ebe
420 	onthe
420 	onw
420 	sho
420 	sma
421 	ncl
421 	softhe
422 	sing
422 	thel
423 	eser
423 	rese
424 	.7
424 	200
424 	7.
424 	tle
425 	clu
425 	hold
425 	pres
425 	sis
426 	alle
426 	andi
426 	ella
426 	eras
426 	ion.
426 	sare
427 	hepo
428 	eis
429 	ete
429 	ingto
429 	pec
429 	rta
430 	igni
430 	ingi
430 	ulation
431 	ance
432 	gen
432 	ight
432 	oro
433 	lay
433 	nel
433 	yal
434 	arl
437 	thee
438 	heb
438 	ional
439 	Pe
439 	ffi
439 	orthe
440 	ands
440 	gro
440 	org
441 	ake
441 	but
442 	eor
442 	inte
442 	irs
442 	itu
442 	roe
442 	ture
442 	uti
443 	.3
443 	asth
445 	ach
446 	comp
446 	ents
446 	kin
447 	dat
447 	softh
447 	then
448 	fir
449 	ape
449 	eofth
449 	epa
449 	eral
449 	house
449 	lare
450 	emos
450 	some
451 	esp
451 	ien
451 	nei
454 	ewere
455 	unde
456 	,"
456 	mber
456 	tionof
457 	nsu
457 	popula
458 	dit
459 	).
459 	eal
460 	econ
460 	ely
460 	part
461 	ros
461 	sor
462 	isi
463 	lec
465 	how
466 	fort
466 	ound
467 	ier
467 	rei
468 	suc
469 	hil
470 	on,
472 	rde
473 	eand
473 	tmo
473 	tow
474 	ates
475 	ssu
476 	sus
477 	eit
477 	pan
478 	alc
478 	cla
479 	ears
479 	sde
479 	srae
480 	ence
480 	sha
481 	Ge
481 	eG
485 	adi
485 	enti
485 	who
486 	fte
486 	ilo
486 	isr
486 	oli
486 	rsi
486 	tto
487 	fam
488 	mbe
489 	ythe
490 	hesu
490 	useh
491 	heco
491 	port
491 	trop
492 	amil
492 	ater
492 	lima
492 	nge
492 	reta
492 	rma
493 	fic
493 	nic
493 	rso
495 	also
495 	rto
495 	ses
496 	don
496 	off
497 	ze
498 	er.
498 	isu
498 	sco
498 	usi
499 	lde
500 	eoft
500 	on.
501 	erof
501 	fore
503 	shi
503 	tiono
506 	De
507 	rag
508 	edu
508 	mat
508 	ude
509 	rati
509 	uri
510 	edis
510 	side
511 	arr
511 	ewas
511 	ivi
511 	rra
511 	rti
511 	sawe
511 	tob
513 	ala
513 	tla
514 	cia
514 	erf
514 	fre
515 	erm
515 	lon
516 	spe
518 	onal
521 	ini
522 	hthe
522 	ris
523 	ough
524 	atthe
525 	anda
525 	yin
527 	erg
527 	gre
527 	s"
528 	e"
529 	soft
530 	tive
530 	ual
531 	ead
532 	htno
532 	omp
532 	onth
532 	s,a
535 	ust
536 	thef
537 	ail
537 	lia
537 	obe
540 	mes
540 	ouse
542 	liv
542 	nder
543 	har
543 	ingthe
543 	nco
543 	pos
543 	rah
545 	hee
545 	iso
545 	vel
545 	year
546 	low
548 	ionof
548 	rad
550 	abl
551 	erth
551 	lation
552 	atth
552 	col
552 	loc
553 	form
554 	An
554 	tate
555 	aco
555 	oca
556 	ang
556 	hous
557 	ath
557 	ery
557 	oss
557 	sso
557 	tiona
557 	yre
558 	our
559 	ger
559 	reg
560 	erd
560 	inga
562 	hy
562 	ount
562 	sion
562 	yh
564 	nter
566 	ring
568 	edthe
568 	ind
570 	sfo
571 	lic
573 	mar
573 	ndo
574 	dia
575 	onof
576 	other
579 	alo
579 	ction
579 	ola
580 	sat
580 	tas
580 	there
582 	gan
582 	nag
582 	thei
582 	ves
583 	hol
584 	gno
584 	ong
586 	rge
588 	ded
588 	yof
590 	nds
591 	ical
592 	ewe
593 	epr
595 	hin
595 	iz
596 	lis
596 	swe
596 	two
597 	ili
599 	ced
599 	dec
599 	lea
602 	efor
602 	rofe
603 	ett
603 	tte
604 	any
605 	amo
605 	oma
607 	ally
607 	iono
609 	t.
612 	ede
613 	inu
613 	uni
619 	ngthe
623 	dc
623 	es,
624 	ble
627 	ele
628 	cou
629 	air
629 	ria
630 	ref
631 	ary
631 	yra
632 	ntr
633 	wor
634 	edby
635 	n1
635 	thet
636 	ven
639 	err
639 	rre
639 	yth
641 	ingth
642 	efi
642 	rst
645 	let
645 	tel
646 	mal
646 	nta
649 	andthe
649 	nan
652 	ond
653 	thea
654 	ans
654 	sna
656 	18
656 	81
656 	gnit
656 	hef
656 	ting
656 	ved
657 	ato
657 	mon
657 	ota
659 	gin
659 	nts
662 	,wh
667 	hei
669 	mit
669 	nst
669 	tim
671 	hed
672 	ene
673 	Se
676 	tions
677 	ras
677 	sar
680 	iona
681 	orth
682 	ari
682 	ish
683 	ars
683 	ever
683 	reve
683 	sra
685 	ght
685 	mos
685 	thg
687 	tri
688 	dan
688 	nad
688 	over
688 	revo
692 	iat
692 	llo
692 	oll
692 	tai
694 	St
696 	cat
696 	tac
697 	agn
697 	ins
697 	nga
698 	iro
698 	ori
698 	rou
700 	anc
701 	eme
701 	land
705 	ital
705 	lati
706 	sk
709 	ler
709 	rel
710 	end
710 	ofa
713 	,re
713 	ard
713 	er,
713 	igh
715 	andth
715 	del
715 	led
715 	tho
716 	elo
716 	ndthe
721 	act
721 	ewa
722 	unt
723 	them
724 	rit
724 	tir
726 	cor
729 	Ma
731 	hel
736 	ron
740 	ric
741 	which
743 	00
744 	nda
745 	ph
746 	dro
746 	ord
748 	edto
748 	ree
751 	edb
752 	nof
754 	ngth
754 	orm
756 	han
758 	las
758 	sal
759 	dem
759 	med
771 	y.
774 	aro
774 	ora
778 	edth
778 	htde
779 	ated
779 	deta
779 	ple
780 	min
780 	nim
782 	eas
783 	old
784 	ngi
785 	thep
791 	cre
791 	erc
791 	ino
791 	oni
792 	enc
792 	has
794 	tothe
795 	nos
795 	son
798 	lit
798 	til
799 	het
799 	thi
801 	ndth
802 	ean
805 	edin
805 	ewo
805 	owe
806 	asa
806 	edo
806 	ode
812 	cha
814 	ali
814 	eru
814 	ure
817 	met
817 	tem
821 	20
822 	ana
827 	car
827 	rac
828 	arg
828 	gra
831 	can
831 	nac
835 	alp
835 	pla
837 	ions
837 	mb
839 	toth
842 	ding
844 	lf
845 	eat
847 	cen
847 	hen
847 	lin
847 	neh
847 	tthe
849 	qu
851 	nf
852 	efo
852 	ofe
855 	por
855 	rop
856 	andt
857 	nwo
857 	own
858 	ber
858 	reb
863 	isn
863 	nsi
866 	ass
866 	ssa
868 	ono
871 	ian
872 	ane
872 	ena
875 	net
875 	ten
876 	cer
876 	rec
884 	ethe
885 	ant
889 	ich
891 	ula
892 	out
898 	tur
904 	ern
904 	es.
904 	nre
909 	nto
909 	sand
911 	ami
911 	ima
916 	dto
916 	een
918 	hou
923 	hic
927 	nti
933 	ment
933 	ost
933 	tof
933 	und
935 	ial
935 	lai
939 	rthe
942 	tat
943 	emi
943 	ime
945 	nin
947 	ese
951 	hea
958 	ndi
959 	ens
961 	hem
962 	iss
962 	ssi
963 	ndt
963 	rin
969 	lim
969 	mil
970 	eci
970 	ice
971 	tot
975 	thec
976 	ave
977 	att
978 	ect
979 	from
980 	pre
981 	par
981 	rap
983 	eir
983 	rie
987 	sthe
988 	thes
998 	eli
998 	ile
1010 	cti
1013 	tth
1026 	asi
1026 	isa
1027 	pt
1037 	ets
1037 	ste
1041 	tes
1045 	hep
1045 	inc
1046 	nes
1046 	sen
1054 	ces
1054 	sec
1056 	19
1056 	etn
1056 	nte
1076 	ous
1082 	In
1083 	E
1086 	epo
1086 	ope
1087 	's
1092 	ell
1092 	lle
1095 	dis
1095 	sid
1098 	ill
1098 	lli
1099 	ingt
1110 	evo
1110 	ove
1111 	ein
1111 	nie
1112 	les
1112 	sel
1115 	e.
1116 	that
1120 	ace
1120 	eca
1122 	rts
1122 	str
1126 	men
1126 	nem
1129 	iti
1131 	nar
1131 	ran
1132 	,the
1144 	fro
1144 	orf
1147 	ereh
1147 	here
1149 	not
1149 	ton
1154 	sy
1154 	ys
1161 	eto
1161 	ote
1168 	ner
1172 	hec
1172 	rot
1172 	tor
1176 	were
1181 	oun
1186 	ity
1188 	cal
1188 	lac
1193 	eve
1197 	man
1197 	nam
1199 	ies
1200 	sit
1200 	tis
1202 	cit
1202 	tic
1203 	ale
1203 	ela
1233 	ont
1242 	esi
1242 	ise
1242 	nde
1245 	com
1248 	hat
1249 	7
1251 	D
1252 	,th
1257 	ain
1257 	nia
1260 	mer
1260 	rem
1262 	nce
1265 	inthe
1266 	eso
1266 	ose
1277 	ano
1277 	ona
1279 	ess
1279 	sse
1281 	sm
1282 	orp
1282 	pro
1284 	(
1285 	dthe
1297 	eti
1297 	ite
1301 	als
1301 	sla
1308 	with
1318 	lar
1318 	ral
1321 	inth
1324 	its
1324 	sti
1331 	des
1331 	sed
1334 	ots
1334 	sto
1343 	ats
1343 	sta
1344 	ase
1344 	esa
1348 	eco
1351 	othe
1351 	wit
1361 	his
1363 	cl
1368 	ke
1373 	eno
1373 	one
1376 	rat
1376 	tar
1377 	den
1377 	ned
1380 	eth
1399 	nas
1399 	san
1402 	eni
1402 	ine
1412 	gu
1413 	bl
1416 	aci
1416 	ica
1418 	H
1421 	nat
1421 	tan
1430 	,and
1432 	gh
1438 	eof
1438 	ip
1438 	pi
1439 	mor
1439 	rom
1441 	hts
1441 	sth
1445 	P
1449 	ear
1449 	rae
1451 	per
1451 	rth
1453 	con
1458 	esu
1458 	use
1468 	rea
1472 	rm
1482 	ast
1482 	tsa
1490 	ert
1490 	tre
1491 	8
1495 	age
1495 	ega
1515 	eu
1515 	ue
1531 	,an
1532 	rew
1532 	wer
1534 	eri
1534 	ire
1534 	rn
1535 	sof
1539 	ith
1553 	emo
1553 	ome
1563 	edt
1563 	tde
1574 	ade
1574 	eda
1579 	go
1579 	og
1580 	dth
1598 	evi
1598 	ive
1598 	lat
1598 	tal
1616 	tha
1620 	ist
1620 	tsi
1639 	ame
1639 	ema
1640 	ons
1640 	sno
1653 	ani
1653 	ina
1665 	cs
1665 	sc
1678 	ero
1678 	ore
1700 	oth
1714 	ther
1717 	art
1717 	tra
1725 	hes
1725 	seh
1728 	ob
1770 	ua
1776 	ort
1776 	tro
1777 	9
1807 	gr
1807 	rg
1888 	pl
1890 	ation
1890 	lan
1890 	nal
1901 	din
1905 	atio
1907 	nis
1907 	sin
1931 	I
1932 	ofthe
1934 	der
1934 	red
1946 	res
1946 	ser
1953 	sp
1957 	est
1959 	all
1959 	lla
1967 	s,
1972 	ab
1981 	ry
1981 	yr
1987 	fthe
1990 	nit
1990 	tin
1993 	ya
2015 	nthe
2021 	ofth
2030 	det
2030 	ted
2040 	ds
2086 	dr
2098 	fth
2098 	tt
2115 	rev
2115 	ver
2145 	ers
2145 	sre
2159 	int
2197 	edi
2197 	ide
2217 	sh
2246 	saw
2246 	was
2264 	fi
2272 	htn
2272 	nth
2295 	ls
2295 	sl
2341 	oft
2341 	tfo
2367 	ig
2373 	ee
2405 	s.
2417 	for
2417 	rof
2440 	S
2442 	her
2442 	reh
2460 	pr
2467 	ate
2467 	eta
2527 	A
2567 	lu
2567 	ul
2588 	ere
2603 	dt
2640 	ly
2652 	ret
2652 	ter
2662 	ap
2662 	pa
2663 	The
2670 	are
2670 	era
2693 	od
2797 	eo
2829 	ag
2829 	ga
2842 	vi
2865 	ati
2865 	ita
2886 	tion
2898 	ch
2902 	ent
2902 	tne
2934 	1
2943 	tio
3008 	tu
3008 	ut
3030 	nu
3030 	un
3037 	Th
3093 	ho
3102 	ll
3143 	ru
3143 	ur
3152 	ow
3152 	wo
3158 	be
3181 	wa
3288 	im
3288 	mi
3290 	eg
3290 	ge
3389 	rs
3421 	op
3421 	po
3448 	ion
3541 	hi
3595 	ns
3626 	ai
3626 	ia
3664 	ew
3664 	we
3721 	T
3812 	ad
3812 	da
3824 	gni
3824 	ing
3837 	ei
3837 	ie
3843 	su
3843 	us
3869 	pe
3889 	ou
3938 	ha
4120 	lo
4120 	ol
4175 	io
4385 	mo
4385 	om
4432 	ci
4432 	ic
4436 	ac
4436 	ca
4480 	co
4505 	di
4505 	id
4561 	os
4561 	so
4577 	am
4577 	ma
4606 	rt
4606 	tr
4619 	gn
4619 	ng
4764 	ea
4779 	ir
4779 	ri
4978 	and
5023 	il
5023 	li
5208 	em
5208 	me
5269 	ce
5269 	ec
5554 	el
5554 	le
5569 	nt
5706 	ot
5706 	to
5863 	st
5863 	ts
5948 	nd
6283 	fo
6283 	of
6329 	is
6329 	si
6422 	as
6422 	sa
6497 	et
6497 	te
6616 	at
6616 	ta
6638 	no
6638 	on
6662 	al
6662 	la
6684 	en
6684 	ne
6905 	the
6929 	it
6929 	ti
6959 	or
6959 	ro
7033 	ar
7033 	ra
7045 	de
7045 	ed
7056 	es
7090 	y
7169 	p
7409 	in
7409 	ni
7624 	an
7624 	na
7655 	ht
7655 	th
7928 	m
8027 	he
8151 	u
8165 	c
8271 	er
8271 	re
8630 	d
8817 	l
9029 	h
9290 	t
9366 	n
9468 	i
9473 	r
9521 	s
9552 	o
9599 	a
9705 	e
9962 	.
