1 	[OX2H1][CX3](=[OX1])[NX3H1][#6]
1 	[NX3]([#6])([#6])[CX3](=[SX1])[NX3H2]
1 	N1=CCNC1(=O)
1 	[#6][NX4H1+]([#6])[#6]
1 	[#6][OX2][PX4H1](=[OX1])[OX2H1]
1 	[#6][NX2]=[NX2H1]
1 	[BrX1][CX3](=[OX1])[#6]
1 	[#6][NX3H1][SX4](=[OX1])(=[OX1])[OX2H1]
1 	[#6][SX2][CX3](=[SX1])[NX3H2]
1 	[CX3](=[OX1])[OX2][OX2][#6]
1 	[NX3]([#6])([#6])[SX4](=[OX1])(=[OX1])[OX2H1]
1 	[#6][Cu]
1 	C1[CX3](=[OX1])OC1
1 	[CX3]=[CX3][CX3]=[CX3][CX3]=[CX3][CX3](=[OX1])[OX2H1]
1 	[OX2H1][CX3](=[OX1])[CX4H]([#6])[CX3](=[OX1])[OX2][#6]
1 	[BrX1][CX2]#[CX2]
1 	[IX1][CH2][CX3]=[CX3]
1 	N1=COCC1(=O)
1 	[FX1][CH2][CX3]=[CX3]
1 	[CX3]=[CX3][CX3]=[CX3][CX3]=[CX3][CX3]=[CX3][CX3H1](=[OX1])
1 	[#6][OX2][PX4H1](=[OX1])[OX2][#6]
1 	c1cnns1
1 	[CX3H1](=[OX1])[NX3H1][CX3](=[OX1])[#6]
1 	[NX3H2][SX4](=[OX1])(=[OX1])[OX2][#6]
1 	[#6][OX2][NX2]=[OX1]
1 	[#6][NX4H3+]
1 	[FX1][SX4](=[OX1])(=[OX1])[OX2][#6]
1 	[#6][PX3H1][#6]
1 	[#6][CX3]=[SX2][#6]
1 	[#6][SX2][CX3](=[OX1])[OX2][#6]
2 	[#6][CX3](=[SX1])[OX2H1]
2 	[#6][CX3H1](=[NX2H1])
2 	[#6][CX3](=[SX1])[SX2][#6]
2 	[CX3]=[CX3][CX3]=[CX3][CX3]=[CX3][CX3]=[CX3][CX3](=[OX1])[OX2][#6]
2 	[#6]-[#6]:[#6]:[#6](:[#6](:[#6]:[#6]-[#6]):[#6]:[#6]:[#6])-[#6]-[#6]:[#6]:[#6]:[#6]:[#6]
2 	[#6]-[#6]:[#6]:[#6](-[#6]:[#6]:[#6]:[#6]-[Cl]):[#6]:[#6]-[#6]-[#6]-[#6]
2 	[#6][NX3H1][CX2]#[NX1]
2 	N1=CSCC1(=O)
2 	[#6][OX2][CX3](=[SX1])[NX3]([#6])([#6])
2 	[#6]:1:[#6]:[#6](:[#6]:[#6]:[#6]:1)-[#6]-[#7]-[#6](-[#6]-[#6]:1:[#6]:[#6]:[#6](-[#8]-[#6]):[#6]:[#6]:1)-[#6]-[#8]-[#6]-[#6]
2 	[ClX1][CX2]#[CX2]
2 	[#6][OX2][PX4]([NX3H1][#6])(=[OX1])[OX2][#6]
2 	[#6]-[#8]-[#6]-[#6]-[#6]-[#6](-[#6]-1-[#6]-[#6](=[#6]-[#6](-[#6]-1)=[#8])-[#6])-[#6]-[#6]
2 	[#6][OX2][CX3](=[OX1])[CX4H2][CX3](=[OX1])[OX2][#6]
2 	[#6][CX3](=[OX1])[OX2][CX3](=[OX1])[OX2][#6]
2 	[#6][CX3](=[OX1])[CX4H1]([#6])[CX3](=[OX1])[OX2H1]
2 	[CX3H2]=[NX2][#6]
2 	[#6](-[#7]-[#6](-[#6])-[#6])-[#6](-[#6]=[#8])(-[#6]-[#6])-[#6]-[#6]
3 	[#6]-[#6]-[#6]-[#6](-[#6]-[#7]-[#6]:1:[#6]:[#6]:[#6]:[#6]:[#6]:1)(-[#6]=[#8])-[#6]-[#6]
3 	[#6](:[#7]:[#6]-[#6](-[#6]-[#6](:[#6]):[#6]:[#6]:[#6])-[#7]):[#6]
3 	[CX3]=[CX3][CX3]=[CX3][CX3]=[CX3][CX3H1](=[OX1])
3 	[#6]-[#6]-[#6](-[#6](=[#8])-[#7]-[#6])(-[#6](-[#7]-[#6])=[#8])-[#6]-[#6]
3 	[#6][OX2][CX3](=[SX1])[OX2][#6]
3 	[#6][SX2][CX3](=[SX1])[SX2][#6]
3 	[#6][CX3](=[NX2H1])[NX3]([#6])[#6]
3 	[#6]-[#6]-[#6](-[#6]-[#8]-[#6]-[#6]-[#8]-[Si](-[#6](-[#6])(-[#6])-[#6])(-[#6])-[#6])-[#8]-[#6]-[#6]-[#6]
3 	[#6][CX3](=[SX1])[OX2][#6]
4 	[#6]-[#6]-[#7](-[#6](-[#6]-[#6]:1:[#6]:[#6]:[#6]:[#6]:[#6]:1)-[#6](-[#8]-[#6])=[#8])-[#6]
4 	[#6](-[#6](=[#8])-[#8])-[#6]-[#6](-[#6]-[#7]-[#6])-[#6]:1:[#6]:[#6]:[#6]:[#6]:[#6]:1
4 	N1=CNCC1(=O)
4 	[#6]-[#6](-[#7]-[#6]-[#6](:[#6]:[#6]:1:[#6]:[#6]:[#6]:[#6]:[#6]:1):[#6])=[#8]
4 	[#6][Li]
4 	C1[NX3H1]C1
4 	[#6][OX2][CX3](=[SX1])[NX3H1][#6]
4 	[#6](-[#6](-[#6])-[#6])(-[#6]-[#6]-[#6]-[#6]-[#6]#[#7])-[#6]
4 	[#6]-[#6](-[#6](-[#6]-[#6]-[#8]-[#6](-[#6]:1:[#6]:[#6]:[#6](:[#6]:[#6]:1)-[#7](-[#8])=[#8])=[#8])-[#6]-[#6]-[#6])-[#6]
4 	[#6][SX2][CX3](=[OX1])[NX3H1][#6]
4 	[#6][BX3]([OX2H1])[OX2H1]
4 	n1ncnnc1
4 	c1cnno1
4 	[#6][SX2][CX3](=[SX1])[OX2][#6]
4 	[#6]-[#6]-[#6]:[#6]:[#6]-[#6]:1:[#6]:[#6]:[#6](:[#6]:[#6]:1)-[Cl]
4 	[#7]-[#6](-[#6](=[#8])-[#8]-[#6](-[#6])-[#6]:1:[#6]:[#6]:[#6]:[#6]:[#6]:1)-[#6]
4 	[CX3]=[NX2][NX3H2]
4 	C1SC1
4 	[#8](-[#6]-[#6](-[#6])-[#6]-[#7]-[#6](-[#6]-[#6]:1:[#6]:[#6]:[#6]:[#6]:[#6]:1)-[#6])-[#6]
4 	[#6][CX3](=[OX1])[CX4H1]([#6])[CX3H1](=[OX1])
4 	n1nnccc1
4 	[#6]-[#6](-[#6](-[#7](-[#6](-[#6]-[#6](-[#6])-[#6])=[#8])-[#6])-[#6]-[#8])-[#6]
4 	[#6]-[#7]:1:[#6](:[#6]:2:[#6]:[#6]:[#6]:[#6]:[#6]:2:[#7]:[#6]:1-[#6]-[#6]-[#6])=[#8]
5 	[#6]-[#6](-[#6](-[#7](-[#6]-[#6]=[#8])-[#6])-[#6]-[#8])-[#6]
5 	[#7](-[#6](-[#6](-[#7]-[#6](-[#6](-[#7]-[#6])-[#6]-[#6])=[#8])-[#6])=[#8])-[#6](-[#6])-[#6]-[#6]-[#6](-[#7])=[#8]
5 	[CX3]=[CX3][CX3]=[CX3][CX3]=[CX3][CX3]=[CX3][CX3](=[OX1])[#6]
5 	[CX3]=[CX3][CX3]=[CX3][CX3]=[CX3][CX3](=[OX1])[OX2][#6]
5 	[#7]-[#6]-[#6]-[#6](-[#7]-[#6]-[#6]:1:[#6]:[#6]:[#6]:[#6]:[#6]:1)=[#8]
5 	[#6]-[#6]-[#8]-[#6](-[#6]-[#7]-[#6](-[#6])=[#8])-[#6]:1:[#6]:[#6]:[#6]:[#6]:[#6]:1
5 	c1ncns1
5 	n1ccno1
5 	[#6][OX2][PX4]([NX3]([#6])([#6]))(=[OX1])[OX2][#6]
5 	[#6](-[#6]-[#8]-[#6]:1:[#6](:[#6]:[#6]:[#6]:[#6]:[#6]:[#6]:[#6]:[#6]:1)-[#6])-[#6]
5 	[FX1][SX4](=[OX1])(=[OX1])[#6]
5 	[#6]-[#6]:1:[#6]:[#6]:[#6](:[#6]:[#6]:1):[#7]:[#6]-[#6]:1:[#6]:[#6]:[#6]:[#6]:[#6]:1
6 	[#6](-[#6]-[#6]-[#6]-[#6]-1(-[#6]-[#6]-[#6]-[#6](-[#6]-[#6]-[#6]=[#8])-[#6]-1=[#6]-[#6]-[#6]-[#6])-[#6])-[#6]
6 	[#6][OX2][CX3](=[OX1])[NX3H2]
6 	[#6]-[#8]-[#6]-[#6]-[#7](-[#6]-[#6]-[#8]-[#6])-[#6]:1:[#6]:[#6]:[#6]:[#6]:[#6]:1
6 	[#6](-[#6])-[#6]-[#6](-[#6]-[#7](-[#6]-[#6](-[#6])-[#6])-[#6])(-[#6])-[#8]
6 	[#6][NX2]=[CX2]=[SX1]
6 	[#6][CX3](=[OX1])[CX4H2][CX3](=[OX1])[#6]
6 	[#6][OX2][OX2H1]
6 	[#6][OX2][SX4](=[OX1])(=[OX1])[OX2H1]
6 	[#6]:1:[#6]:[#6]:[#6](-[#6]-[#6](-[#6]-[#6](-[#6])-[#6](-[#8])=[#8])-[#6]-[#6]):[#6]:[#6]:1
6 	[#6]-[#8]-[#6]:1:[#6]:[#6]:[#6](:[#6]:[#6]:1)-[#6]-[#6](-[#7]-[#6]-[#6]:1:[#6]:[#6]:[#6]:[#6]:[#6]:1)-[#6]
6 	[#6]-[#8]-[#6]-[#6](-[#6](-[#6])-[#6]-[#6](-[#6])-[#6])-[#6](=[#8])-[#6]
6 	[CX3]=[CX3][CX3]=[CX3][CX3H1](=[OX1])
6 	[#6][SX2][CX3](=[SX1])[NX3H1][#6]
6 	[#6][CX3](=[NX2H1])[#6]
7 	[#6](-[#6])-[#6]-[#6]-[#6]-[#7]-[#6]-[#6](=[#8])-[#7]-[#6]:1:[#6]:[#6]:[#6]:[#6]:[#6]:1
7 	n1ccns1
7 	[#6](-[#6](-[#6]:1:[#6]:[#6]:[#6]:[#6]:[#6]:1)-[#8])-[#7]-[#6](-[#6]-[#6])=[#8]
7 	[#6]-[#6]:[#6](-[#6](-[#8]-[#6])=[#8]):[#6](-[#6]:1:[#6]:[#6]:[#6]:[#6]:[#6]:1):[#6]
7 	[#6]-[#6]=[#6]-[#6](-[#6](-[#6]-[#6]=[#8])-[#6]-[#6])-[#6]-[#6]-[#6]-[#6](-[#6]-[#6]-[#6])-[#6]
7 	[#6]-[#6]-[#7](-[#6](-[#6](-[#6])(-[#6])-[#8])-[#6]-[#6])-[#6]-[#6]
7 	[#6][CX3](=[SX1])[NX3H2]
7 	[#6](-[#6]-[#6]-[#6]-[#6]-[#6]-[#6]-[#6]-[#6]-[#6]=[#6]-[#6]-[#6](-[#6]-[#6]-[#6]=[#8])-[#6])-[#6]
7 	[NX3]([#6])([#6])[CX3](=[SX1])[NX3]([#6])([#6])
7 	[#6][OX2][CX3H1](=[OX1])
7 	[#6]-[#6]-[#6]-[#6]-[#6]=[#6]-[#6]-[#6]-[#8]-[#6](-[#8]-[#6])(-[#6])-[#6]
8 	[BrX1][CH2][CX3]=[CX3]
8 	c1ccns1
8 	[#6][OX2][PX4]([#6])(=[OX1])[OX2H1]
8 	[CX3]=[CX3][CX3]=[CX3][CX3](=[OX1])[OX2H1]
8 	[#6]:1:[#6]:[#6]:[#6]:[#6](:[#6]:1):[#7]:[#6]:[#7]:[#7]
8 	[ClX1][SX4](=[OX1])(=[OX1])[#6]
8 	[#6]:1:[#6]:[#6]:[#6](:[#6]:[#6]:1)-[#6](:[#6]:[#6](-[#6]):[#6]:1:[#6]:[#6]:[#6]:[#6]:[#6]:1):[#7]
8 	[#6][SX2][CX2]#[NX1]
8 	[#6]-[#6]:1:[#6]:[#6]:[#6]:[#6]:[#6]:[#6]:[#6]:[#6](:[#6]:1)-[#6]-[#6]:1:[#6]:[#6]:[#6]:[#6]:[#6]:1
8 	[#6][SX2][CX3](=[OX1])[NX3]([#6])([#6])
8 	[#6]-[#8]-[#6](-[#6]-[#6]-[#6]=[#6]-[#6]-[#6]-[#6](-[#6](-[#6])-[#6])-[#6]-[#6])-[#6]
9 	[#6](-[#6](-[#6]-[#8])-[#8]-[#6])-[#6]-[#6]-[#8]-[#6](-[#6](-[#6])-[#6])=[#8]
9 	[#6]-[#6](-[#6](-[#6]-[#6]-[#6]-[#6]-[#6]-[#6]-[#6](-[#8])(-[#6]-[#6]-[#6]-[#6](-[#6])-[#6])-[#6])-[#8])-[#6]
9 	[#6][CX3](=[OX1])[CX4H2][CX3](=[OX1])[OX2][#6]
9 	[#6][CX3](=[SX1])[NX3H1][#6]
9 	[#6][CX3](=[NX2][#6])[NX3H2]
9 	[#6][CX3](=[NX2H1])[NX3H1][#6]
9 	[NX3]([#6])([#6])[CX3](=[SX1])[NX3H1][#6]
9 	[#6][NX2]=[OX1]
10 	[#6]-[#6]:[#6]:[#6]:[#7]:[#6](-[#6](:[#6]):[#6]:[#6]:[#6]):[#7]
10 	[#6][CX3](=[OX1])[CX4H1]([#6])[CX3](=[OX1])[#6]
10 	[#6]-[#6]-[#6]-[#6]-[#6](-[#6])-[#6](-[#6]-[#6])=[#7]-[#7]-[#6]
10 	[#6][NX3H1][CX3](=[OX1])[NX3H2]
10 	[#8]-[#6]-[#8]-[#6]:1:[#6]:[#6]:[#6](:[#6]:[#6]:1)-[#6]-[#6]-[#6]-[#8]-[#6]
10 	[ClX1][CH2][CX3]=[CX3]
10 	[#6]-[#6](-[#6](-[#6](:[#6]):[#6]:[#6]:[#6])-[#6](:[#6]):[#6]:[#6]:[#6])-[#7]
10 	[#6]-[#6](-[#6](-[#6])-[#8])-[#6]:1:[#6]:[#6]:[#6]:[#6]:[#6]:1-[#7]
10 	[#6]-[#6]-[#6]-[#6]-[#6]-[#6]-[#6]-[#6]-[#7](:[#6]):[#6]:[#6]
11 	[#8]=[#6]-[#6](:[#6](:[#7]:[#6]-[#6])-[#6]-[#6]):[#6]
11 	[#6](-[#6]-[#6](-[#7]-1-[#6]-[#6]-[#8]-[#6]-1=[#8])=[#8])-[#6]
11 	[#6]-[#6](-[#6](-[#6]:1:[#6]:[#6]:[#6]:[#6]:[#6]:1)-[#8])-[#7]-[#6](-[#6])=[#8]
11 	[CX3]=[CX3][CX3]=[CX3][CX3]=[CX3][CX3](=[OX1])[#6]
11 	[#6]-[#8]-[#6]-[#6](-[#6](-[#6])-[#6](-[#6]-[#6])-[#6]-[#6])-[#6]=[#8]
11 	[#6][NX2]=[CX2]=[OX1]
12 	[#6](-[#6](:[#7]-[#6]):[#7]:[#6]:1:[#6]:[#6]:[#6]:[#6]:[#6]:1)-[#6]
12 	[#6]-[#6](-[#6])-[#6]-[#6]-[#7]-[#6]-[#6](-[#7](-[#6])-[#6])=[#8]
12 	[#6]-[#6]-[#6](-[#6]-[#7]-[#6]-[#6](-[#8])=[#8])-[#6]=[#8]
12 	[#6][CX3H1]=[NX2][OX2H1]
12 	[#8](-[#6]-[#6]-[#6]-[#7]-[#6](-[#6]-[#6])-[#6](-[#8]-[#6])=[#8])-[#6]
12 	[#6]-[#6](:[#7](-[#6]-[#6]-[#6]-[#6]):[#6]):[#7]:[#6]
12 	[#6]-[#6](-[#6]-[#7]-[#6]-[#6])(-[#6]:1:[#6]:[#6]:[#6]:[#6]:[#6]:1)-[#8]
13 	[#8]-[#6]-[#6]-[#7](-[#6]-[#6](-[#6](-[#6])-[#6]-[#6])-[#6])-[#6]
13 	[#6]:1:[#6]:[#6]:[#6](-[#6]-[#6]-[#6]-[#6](-[#6](-[#8])=[#8])-[#6]-[#6]-[#6]):[#6]:[#6]:1
13 	[#6]:[#6]:[#6]:[#6]:[#6]:1:[#6]:[#6](:[#6]:[#6]:[#6]:1)-[#6](-[#6]:1:[#6]:[#6]:[#6]:[#6]:[#6]:1)=[#8]
13 	[#6](-[#6]-[#7](-[#6]-[#6]-[#6](-[#6])-[#6]-[#6])-[#6])=[#8]
13 	[#6]:1:[#6]:[#6]:[#6](:[#6]:[#6]:1)-[#6]:[#6]:[#6]:[#6]:1:[#6]:[#6]:[#6]:[#6](-[#6]):[#6]:1
13 	[#6]-[#6](-[#7]-[#6]:1:[#6]:[#6]:[#6]:[#6]:[#6]:1-[#7]-[#6]=[#8])=[#8]
13 	[#6][CX3](=[NX2H1])[NX3H2]
14 	[#6]-[#6]:1:[#6]:[#6](:[#6]:[#6]:[#6]:1)-[#6](-[#6]:1:[#6]:[#6]:[#6]:[#6]:[#6]:1-[#6]=[#8])=[#8]
14 	[#6]=[#6](-[#6]=[#6]-[#6](-[#6](-[#6])-[#6]-[#6]-[#6])-[#6])-[#6]
14 	[CX3H1](=[OX1])[NX3]([#6])([#6])
14 	[#6]-[#6](-[#6](-[#6](-[#6])-[#6](-[#6])-[#6])(-[#6])-[#6]-[#6])-[#7]
14 	[#6]=[#6]-[#6]-[#6]-[#6]-[#6]-[#6]-[#6](-[#6]-[#6]-[#6](-[#6])-[#6]-[#6]-[#6]-[#6](-[#6])-[#6])-[#8]
14 	[#6][CX3](=[OX1])[NX3H1][NX3H2]
14 	[#6][OX2][PX4]([OX2H1])(=[OX1])[OX2H1]
14 	[#6]-[#6](-[#6]-[#8])-[#7]-[#6](-[#6]-[#6]-[#6]-[#6]-[#6]-[#7])=[#8]
14 	[#6]-[#6]-[#6]-[#6]-[#6]-[#6](-[#6](-[#6]-[#6]-[#6]-[#6]-[#6]-[#6]-[#6](-[#6])-[#6])-[#8])-[#6]-[#6]-[#8]
14 	[#6]:1:[#6]:[#6]:[#6]:[#6](:[#7]:1)-[#6]-[#6](-[#6])-[#6]
14 	[#6]-[#6]:[#6]:[#6](-[#6]-[#6]:[#6]:[#6]:[#6]:[#6]):[#6]:[#6]:[#6]:[#6]:[#6]:[#6]
15 	[#6]-[#6](-[#6]-[#6]:1:[#6]:[#6]:[#6]:[#6]:[#6]:1)-[#7]-[#6](-[#6]-[#6]-[#6]-[#6]-[#6])=[#8]
15 	[#6][OX2][CX3](=[OX1])[CX4H1]([#6])[CX3](=[OX1])[OX2][#6]
15 	[#6]-[#8]-[#6]:1:[#6]:[#6]:[#6](-[#6](-[#6]-[#6])-[#6]-[#8]):[#6]:[#6]:1
15 	[#6]:1:[#6]:[#6]:[#6](:[#6]:[#6]:1)-[#6]:[#7]:[#6]:1:[#6]:[#6]:[#6]:[#6]:[#6]:1:[#7]
15 	[#6]-[#6]-[#7](:[#6]:[#6]):[#6](:[#7])-[#6]-[#6]
15 	[#6]-[#6](-[#6]-1-[#6]-[#6]-[#6]-[#6](-[#6]-1)-[#8]-[#6](-[#6])=[#8])(-[#6])-[#6]
15 	[#6]-[#6](-[#6])-[#6]-[#6]-[#6]-[#6](-[#6]-[#6]-[#6]-[#6]-[#6]=[#6])(-[#6])-[#6]-[#6]-[#6](-[#8])-[#6]
15 	[#6][CX3](=[OX1])[NX3H1][CX3](=[OX1])[#6]
16 	[#6]-[#6]-[#6]-[#6]-[#6]-[#6]-[#6]-[#6]-[#6]-[#6]-[#6]-[#6]-[#6]-[#6]-[#6]-[#6]-[#6]-[#6]-[#7]-[#6]-[#6]-[#6]
16 	[#6]-[#6]-[#6]:[#6]:[#6]:[#7]:[#6]-[#6](:[#6]):[#6]:[#6]:[#6]
16 	[#6]-[#6](-[#6]-[#6]=[#6]-[#6](-[#6])-[#6]-[#6]-[#6]-[#6]=[#6])-[#6]
16 	[#6]-[#8]-[#6]-[#6](-[#6]=[#6]-[#6]-[#6](-[#6])-[#6]-[#6]-[#6])-[#6]
16 	[#6][CX3](=[OX1])[OX2][CX3](=[OX1])[#6]
16 	[#6][BX3]([OX2][#6])[OX2][#6]
16 	[#6][CX3](=[SX1])[NX3]([#6])([#6])
17 	[#6](-[#7]-[#6]-[#6]-[#7])=[#16]
17 	[#6]-[#8]-[#6]:1:[#6]:[#6](:[#6]:[#6](:[#6]:1)-[#8]-[#6])-[#6]=[#8]
17 	[#6]-[#6]-[#6]-[#6]-[#7](:[#6]):[#6]:[#6]:[#6]:[#6]:[#6]:[#6]:[#6]
17 	[#6]-[#6](-[#6](-[#6])-[#6]-[#6]=[#6]-[#6]-[#6]-[#6]-[#6]-[#6](-[#6])-[#6]-[#6]-[#6]-[#6])-[#6]-[#6]
17 	[#6]-[#6]-[#6]-[#6]-[#8]-[#6]-[#6]:1:[#6]:[#6]:[#6](:[#6]:[#6]:1)-[#7](-[#8])=[#8]
17 	[#6]-[#6](-[#6]-[#6](-[#7](-[#6])-[#6]-[#6]-[#8])=[#8])-[#8]
17 	[#6]-[#6](-[#7](-[#6])-[#6]:1:[#6]:[#6]:[#6]:[#6]:[#6]:1)-[#6](-[#6])-[#6]
17 	[#6][SX2][CX3](=[SX1])[NX3]([#6])([#6])
17 	[#6]:1:[#6]:[#6]:[#6](:[#6]:[#6]:1)-[#6]-[#6](-[#7]-[#6](-[#6])-[#6])-[#6]
17 	[#6]:[#7]:[#6](-[#7]-[#6]-[#6]:[#6]:[#6]:[#6]):[#6]:[#7]
17 	[#6]-[#6]-[#6](-[#6](-[#6])-[#6])-[#6]-[#6]-[#6]-[Cl]
17 	[#6](-[#6](-[#6]:1:[#6]:[#6]:[#6]:[#6]:[#6]:1)-[#6]:1:[#6]:[#6]:[#6]:[#6]:[#6]:1)-[#6]-[#6]-[#8]
18 	[#8]=[#6](-[#7])-[#6]-[#6]-[#6]-[#6](-[#7])=[#8]
18 	[#6]:1:[#6]:[#6]:[#6](:[#6]:[#6]:1)-[#7]:[#6]:[#7]:[#6]:1:[#6]:[#6]:[#6]:[#6]:[#6]:1:[#6]
18 	[#6](-[#6]-[#6]-[#6]-[#6]:1:[#6]:[#6]:[#6]:[#6]:[#6]:1)(-[#6])-[#6](-[#8]-[#6])=[#8]
18 	[CX3H1](=[OX1])[NX3H1][#6]
18 	[#6](-[#6](-[#6](:[#6]):[#6]:[#6]:[#6])-[#6])-[#6]-[#6](-[#6])-[#6]-[#6](-[#6])-[#6]
18 	[#6]-[#6]-[#8]-[#6]-[#6]:[#6]:[#6]:[#6]:[#8]
19 	[#8]=[#6](-[#6](-[#7]-[#6]-[#6])-[#6]-[#6])-[#8]-[#6]-[#6]:1:[#6]:[#6]:[#6]:[#6]:[#6]:1
19 	[#6][CX3](=[OX1])[CX4H1]([#6])[CX3](=[OX1])[OX2][#6]
19 	[#6][OX2][PX4]([OX2H1])(=[OX1])[OX2][#6]
19 	c1ncno1
19 	c1nnco1
19 	[#6]-[#6](-[#6](-[#7](-[#6]-[#6]-[#6](-[#6])-[#6])-[#6])-[#6])-[#6]
19 	[#6]-[#6]=[#6]-[#6](-[#6])=[#7]-[#8]
19 	[#6]-[#8]-[#6]-[#6](-[#6]-[#6]=[#6]-[#6]-[#6](-[#6]-[#6])-[#6]-[#6]-[#6])-[#6]
19 	[#6][PX3]([#6])[#6]
20 	[#6]-[#6](-[#6]=[#6]-[#6]-[#6]-[#6])-[#6]-[#6]-[#6]-[#6]-[#6]-[#6]-[#6]-[#6](-[#6])-[#6]-[#6]-[#6]-[#6]
20 	[#6][OX2][OX2][#6]
20 	[#6]-[#6](-[#6]-[#6](:[#6]):[#6]:[#6]:[#6])(-[#6]-[#6](-[#6])-[#6])-[#6]-[#6]
20 	[#6]-[#6]-[#7](-[#6](-[#6](-[#6]:1:[#6]:[#6]:[#6]:[#6]:[#6]:1)-[#6])-[#6])-[#6]
20 	[#6]-[#6]-1-[#6]-[#6]-[#6](-[#6](-[#8])=[#8])-[#6]-[#6]-1-[#6]-[#6]-[#6]
20 	[#6][CX3](=[NX2][#6])[NX3H1][#6]
21 	[#6]-[#6]-[#8]-[#6]-[#6]-[#7](-[#6]-[#6])-[#6]:1:[#6]:[#6]:[#6]:[#6]:[#6]:1
21 	[#6]-[#6](-[#6]-[#6]-[#6](-[#6])-[#6]=[#6]-[#6]-[#6])=[#8]
21 	[#7](:[#6]):[#6]:1:[#6]:[#6]:[#6]:[#6]:[#6]:1:[#6]:[#6]:[#6]-[#6]
21 	[#6]-[#6]-[#6]-[#6]:1:[#6]:[#6]:[#6](:[#6]:[#6]:1)-[#8]-[#6]-[#6]:1:[#6]:[#6]:[#6]:[#6]:[#6]:1
21 	[#6]-[#7]-[#6](-[#6]-[#8]-[#6])-[#6](-[#8]-[#6])=[#8]
21 	[#6]-[#6]-[#7]-[#6](-[#6]:[#7]:[#6]:[#6]:[#6])=[#8]
22 	[#6]-[#7]:1:[#6](:[#7]:[#6]:[#6]:1)-[#6]-[#6]
22 	[#6]-[#6]-[#6]-[#6]-[#6]-[#6](-[#6])=[#6](-[#6]-[#6])-[#6]-[#8]-[#6]
22 	[#6]-[#6]:1:[#6]:[#6]:[#6](:[#8]:1)-[#6]
22 	n1ncncc1
22 	[#6](:[#6]:[#7]:[#7]:[#6]-[#7]):[#6]
23 	[#6]-[#6](-[#6]-[#7]-[#6])(-[#6]-[#6])-[#6]-[#7]-[#6]
23 	[IX1][CX3]=[CX3]
23 	[#6](:[#7]:[#6]-[#6]-[#6](-[#6])-[#6]):[#6]:[#6]:[#6]
23 	[#6]-[#6]-[#6]-[#6]-[#6]-[#7]-[#7]-[#6]
23 	[#6]-[#6]-[#6]-[#6]-[#6]-[#6](-[#6])-[#6]-[#6]-[#6]-[#6](-[#6])(-[#6])-[#6]-[#6]-[#6]-[#6]-[#6]-[#6]-[#8]-[#6]-[#6]
23 	[#8]-[#6]-[#6]:[#6]:[#6]-[#6]:1:[#6]:[#6]:[#6]:[#6]:[#6]:1
23 	[#6]-[#6](:[#6]:[#6]-[#6]):[#7]:[#7]-[#6]:[#6]:[#6]:[#6]
23 	[#6]-[#8]-[#6](-[#6]-[#6]=[#8])(-[#6]-[#6])-[#6]
24 	[#8]-[#6](-[#6]-[#6]-[#6]-[#6]-[#7](-[#6])-[#6]-[#6]-[#6])=[#8]
24 	[#6][CX3](=[NX2][#6])[NX3]([#6])[#6]
24 	[#6](=[#6]-[#6]-[#6]-[#6]-[#6]=[#6]-[#6]-[#6])-[#6]-[#6]-[#6]-[#6]-[#6]
24 	[#6]:1:[#6]:[#6]:[#6](:[#6]:[#6]:1)-[#6]-[#8]-[#6](=[#8])-[#6](-[#7]-[#6]=[#8])-[#6]-[#6]
25 	[#6][NX3H1][NX3H2]
25 	[#6]-[#6]-[#6](-[#6])-[#6]:1:[#6]:[#6]:[#6]:[#6]:[#6]:1-[#7]-[#6]-[#6]
25 	[#6](-[#6](-[#6])-[#6]-[#8]-[#6](-[#6])(-[#6])-[#6])-[#6]-[#6]-[#6]
25 	[#8]-[#7]:[#6]:[#6]:[#6]:[#6]
25 	[#6]-[#6]-[#6](-[#7]-[#6]-[#6]-[#8]-[#6]=[#8])=[#8]
25 	[#6](-[#6]-[#6](-[#7]-[#6]-[#6](-[#8])=[#8])=[#8])-[#8]
26 	[FX1][CX3]=[CX3]
26 	[#6][SX4](=[OX1])(=[OX1])[NX3H2]
26 	[#6]-[#6]-[#6]-[#6](-[#6]-[#8]-[#6](-[#6]-[#6]-[#8]-[#6](-[#6])-[#6])-[#6])-[#8]
26 	[#6](-[#7]-[#6](-[#6]-[#8]-[#6](-[#6])-[#6])-[#6](-[#6])-[#8])=[#8]
26 	[#6]=[#6]-[#6](-[#6]-[#6]-[#6]-[#6])-[#6]-[#6]-[#6]-[#6]-[#8]-[#6](-[#6])=[#8]
27 	[#6]-[#6](-[#6](=[#8])-[#7]-[#6]-[#6]-[#6]:1:[#6]:[#6]:[#6]:[#6]:[#6]:1)-[#6]
27 	[#6]-[#8]-[#6]:1:[#6]:[#6]:[#6](:[#6]:[#6]:1)-[#6]-[#6]-[#6](-[#8]-[#6])=[#8]
27 	[#6](-[#6](:[#6]):[#6]:[#6]:[#6])-[#6](:[#6]):[#6]:[#6]:[#6]:[#7]
27 	[CX3]=[CX3]-[CX3]=[CX3]-[CX3]=[CX3]-[CX3]=[CX3]
27 	[Cl]-[#6]:1:[#6]:[#6]:[#6](:[#6]:[#6]:1)-[#6]:[#7]
28 	[#6]:1:[#6]:[#6]:[#6](:[#6]:[#6]:1)-[#6]-[#8]-[#6](=[#8])-[#6](-[#7]-[#6])-[#6]-[#6]
28 	[#6]:1:[#6]:[#6](:[#6]:[#6]:[#6]:1)-[#6](-[#6]:1:[#6]:[#6]:[#6]:[#6]:[#6]:1-[#8])=[#8]
28 	[#6]-[#6](-[#7]-[#6]-[#7]-[#6]:1:[#6]:[#6]:[#6]:[#6]:[#6]:1)-[#6]
29 	[#6]-[#7](:[#6]):[#6](:[#7]:[#6])-[#6]-[#6]
29 	[#7]-[#6]:1:[#6]:[#6]:[#6](:[#6]:[#6]:1)-[#7]-[#7]=[#6](-[#6])-[#6]
29 	[#8]-[#6](-[#6]:[#6](-[#6]=[#8]):[#6]:[#6])=[#8]
29 	[#6](-[#6]:1:[#6]:[#6]:[#6]:[#6]:[#6]:1)-[#7]-[#6](-[#6]:1:[#6]:[#6]:[#6]:[#6]:[#6]:1)=[#8]
29 	[#6][OX2][PX4]([OX2][#6])(=[OX1])[OX2][#6]
29 	[CX3]=[CX3][CX3]=[CX3][CX3](=[OX1])[OX2][#6]
29 	[#6](:[#6]:[#6]:[#6]:[#6]:[#6]:[#6](-[Cl]):[#6]):[#6]
29 	[#6]-[#6]-[#7]-[#6](-[#6]-[#8]-[#6])-[#6]-[#6]:1:[#6]:[#6]:[#6]:[#6]:[#6]:1
29 	[#6]-[#6]-[#6]-[#6](-[#6]=[#8])(-[#6]=[#8])-[#6]-[#6]
29 	n1cncnc1
29 	[#6]-[#6](-[#6](-[#6]:1:[#6]:[#6]:[#6]:[#6]:[#6]:1)-[#8])-[#7]-[#6]-[#6]
30 	[#6][CX3](=[OX1])[SX2][#6]
30 	[#6]-[#8]-[#6]-[#6](:[#6]:[#6]:1:[#6]:[#6]:[#6]:[#6]:[#6]:1):[#6]
31 	[#6]-[#6](:[#6]:[#6](-[#6]:1:[#6]:[#6]:[#6]:[#6]:[#6]:1):[#6]:[#6]):[#7]
31 	[#6]:[#6]:[#6]:[#6]:[#6]-[#6]-[#6]:[#6]:[#6]:[#6](:[#6]:[#6]-[#6])-[#6]
31 	[#6]-[#7]-[#6](-[#6](-[#8]-[#6])=[#8])-[#6]-[#6](:[#6]:[#6]:[#6]:[#6]):[#6]
31 	[#6]:1:[#6]:[#6]:[#6](:[#6]:[#6]:1)-[#6](:[#7]:[#6]:1:[#6]:[#6]:[#6]:[#6]:[#6]:1):[#6]
32 	[#6]:[#6]:[#6]:[#6]:[#6]:1:[#6]:[#6]:[#6]:[#6](:[#6]:1)-[#6]-[#6]:1:[#6]:[#6]:[#6]:[#6]:[#6]:1
32 	[#6][NX3H1][CX3](=[SX1])[NX3H1][#6]
32 	[NX3H2][CX3](=[NX2H1])[NX3H1][#6]
33 	[#6]:[#6]:1:[#6]:[#6]:2:[#6]:[#6]:[#6]:[#6]:[#6]:2:[#7]:[#6]:1
33 	[#8]=[#6](-[#6](-[#6]-[#6])-[#6]:1:[#6]:[#6]:[#6]:[#6]:[#6]:1)-[#8]
33 	[#6]-[#6]-[#6]-[#6]-[#6]-[#6](-[#6]-[#6]-[#6])=[#6]-[#6]-[#8]
33 	[#6][OX2][CX3](=[OX1])[OX2][#6]
33 	[#7]-[#6](-[#6](=[#8])-[#8]-[#6]-[#6]:1:[#6]:[#6]:[#6]:[#6]:[#6]:1)-[#6]
33 	[#6]-[#6](-[#6]-[#6](-[#6]-[#6]-[#8]-[#6](-[#6](-[#8]-[#6]-[#6])-[#6]-[#6])-[#6]-[#6])-[#8]-[#6]-[#6])-[#8]
33 	[#6](-[#6](=[#8])-[#8])-[#6]-[#6](-[#6])-[#6]:1:[#6]:[#6]:[#6]:[#6]:[#6]:1
33 	c1nncs1
34 	[#6][CX3](=[OX1])[NX3H1][NX3H1][#6]
34 	[#7]-[#6]:[#7]:[#6](-[#7]-[#6]):[#6]:[#6]
35 	[BrX1][CX3]=[CX3]
35 	[#6]-1-[#6]-[#8]-[#6](-[#8]-[#6]-1-[#6])(-[#6])-[#6]
35 	[CX3]=[CX3][CX3H1](=[OX1])
36 	[#6](-[#6]-[#6])-[#6]-[#6](-[#6])-[#8]-[#6](-[#6](-[#6])-[#6])=[#8]
36 	[#6]-[#7]-1-[#6]-[#6]-[#7](-[#6]-[#6]-1)-[#6]=[#8]
36 	[#6](-[#7]-[#6](-[#6]-[#8]-[#6])-[#6]-[#6](:[#6]:[#6]:[#6]:[#6]):[#6])=[#8]
36 	[#6]-[#6](-[#6](=[#8])-[#8]-[#6]-[#6]-[#6]-[#6]-[#6]-[#6])-[#6]-[#6]-[#6]
36 	[#6]-[#6]:[#6]:[#6](:[#6]:1:[#6]:[#6]:[#6]:[#6]:[#6]:1)-[#6]
36 	[#6]-[#6]:1:[#7]:[#6]:2:[#6](:[#7]:1):[#6]:[#6]:[#6]:[#6]:2
36 	[#6]-[#6]-[#6](-[#6](-[#6]-[#8]-[#6](-[#6]-[#6]-[#8]-[#6]-[#6])-[#6])-[#8])-[#8]-[#6]
37 	[#6]-[#6]-[#6](-[#6]=[#8])(-[#6]=[#8])-[#6]-[#6]
37 	[#6]:[#6](:[#6]:[#7]:[#6](:[#7])-[#7]):[#7]
37 	[NX3]([#6])([#6])[CX3](=[OX1])[NX3]([#6])([#6])
37 	[#6]=[#6](-[#6]-[#6]-[#6]-[#6]-1(-[#6])-[#6]-[#6]-[#6]-[#6](-[#6])-[#6]-1-[#6])-[#6]
37 	[#6]-[#6](-[#6](-[#6])-[#8])-[#7]-[#6]-[#6]-[#6]-[#6]-[#6]-[#6]
37 	[#6]-[#6]:[#6]:[#6]:[#6]:[#6]:[#6]:[#6]:[#6](-[#6]-[#6]):[#6]
37 	[#6]:1:[#6]:[#6](:[#6]:[#6]:[#6]:1-[#8]-[#6])-[#6]-[#7]-[#6]-[#6]-[#6]
37 	[#6](-[#6](-[#6]:1:[#6]:[#6]:[#6]:[#6]:[#6]:1)-[#6]-[#6](-[#7])-[#6])-[#6]
38 	n1nncn1
38 	[#6]-[#6]-[#8]-[#6](-[#7]-[#6](-[#6](-[#8]-[#6])=[#8])-[#6]-[#6])=[#8]
38 	[#6]-[#6](-[#6]-[#6](:[#6]:[#7]):[#6]:[#6]:[#6])-[#7]
38 	[CX3]=[CX3][CX3]=[CX3][CX3](=[OX1])[#6]
38 	[#6]-[#6]-[#6]-[#6]-[#6]-[#6]-[#6]-[#6]-[#6]-[#6]-[#6]-[#6]-[#6]-[#6]-[#6]-[#6]-[#6]-[#6]-[#7]
38 	[#6]-[#6]-[#7]:1:[#6](:[#7]:[#6]:[#6]:1)-[#6]
39 	[#6]:[#6]:[#6]:[#6]:[#6]:[#6]:[#6](:[#6]:[#6])-[#6]-[#6]:[#6]:[#6]:[#6]:[#6]
39 	[#6]-[#6]-[#6]:[#6](-[#6]=[#8]):[#6]:[#6](-[#6]):[#6]
39 	[#8]-[#6]-[#6]=[#6]-[#6]-[#6](-[#6]-[#6]-[#6]-[#6])-[#6]-[#6]
39 	[#6]-[#6]-[#6]-[#6]-[#6]-[#6]-[#6]-[#7]-[#6]-[#6]-[#6]:1:[#6]:[#6]:[#6]:[#6]:[#6]:1
39 	[#6]-[#8]-[#6]:1:[#6]:[#6]:[#6]:[#6]:[#6]:1-[#6](-[#8])=[#8]
40 	[ClX1][CX3](=[OX1])[#6]
40 	[#6](-[#6](-[#6])=[#8])-[#6](-[#6])=[#8]
41 	[#6][SX2][SX2][#6]
41 	[#6]-[#6]-[#6]:[#6](-[#6](-[#8])=[#8]):[#6]:[#6]:[#6]
42 	[#6]-[#8]-[#6]-[#6](-[#6]-[#6]-[#8]-[#6]-[#6])-[#6]-[#6](-[#6])-[#6]
42 	[#8]:[#6]:[#6](:[#6]:[#6]:[#6])-[#6]-[#6]
42 	[#6]-[#6](-[#6]-[#7](-[#6](-[#6]-[#6])=[#8])-[#6])-[#6]
42 	[#8]-[#6](-[#6]-[#6]-[#6])(-[#6]-[#6]-[#6](-[#6]-[#6]-[#6]-[#6])-[#6](-[#6])-[#6])-[#6]
43 	[#7]-[#6]-[#6]-[#6]-[#6]-[#6]-[#7]-[#6]-[#6](-[#7]-[#6])=[#8]
43 	[#6]-[#6](-[#6](-[#8]-[#6])=[#8])-[#6]-[#6](-[#8]-[#6])=[#8]
44 	[#6]-[#6]-[#6]-[#6](-[#6]-[#7])(-[#6])-[#6]-[#6]-[#6]
44 	[#6]-[#6]-[#6]-[#6]-[#6](-[#6](-[#6]=[#8])-[#6])-[#8]-[#6]
44 	[#6]-[#6]:1:[#6]:[#8]:[#6]:[#6]:[#6]:1
44 	[#6](-[#6](-[#6]:1:[#6]:[#6]:[#6]:[#6]:[#6]:1-[#7]-[#6])-[#6])-[#6]
45 	[#6](:[#6](-[#6](-[#6]-[#6]=[#6]-[#6])-[#6]):[#6]):[#6]:[#6]
45 	[#6]:1:[#6]:[#6](:[#6]:[#6]:[#6]:1)-[#6](-[#7])=[#7]
45 	[#6]-[#8]-[#6]-[#6]-[#6](-[#6](-[#6])-[#6](-[#6])-[#6])-[#6]-[#8]-[#6]
45 	[#6]-[#6]-[#6](-[#6](-[#6]-[#6])(-[#6]-[#8]-[#6])-[#6]-[#6])-[#6]
45 	[#6]=[#6]-[#6]-[#6](-[#6](-[#6]-[#8]-[#6])-[#6])-[#6]-[#6]-[#6]
46 	[NX3]([#6])([#6])[CX3](=[OX1])[NX3H1][#6]
47 	[#6]-[#6]-[#7]:[#6]:[#7]:[#6]:[#6]-[#7]
47 	[#6]:1:[#6]:[#8]:[#6]:2:[#6]:[#6]:[#6]:[#6]:[#6]:2:[#6]:1=[#8]
47 	[#6][CX3](=[OX1])[OX1-]
47 	[#6]-[#8]-[#6](-[#6](-[#6])-[#6])(-[#6]-[#6]-[#6]-[#6]-[#6])-[#6]
47 	[#6][SX4](=[OX1])(=[OX1])[OX2H1]
47 	[#6][NX3H1][NX3H1][#6]
47 	c1ccno1
47 	[#6](-[#6]-[#6]-[#6]-[#6](-[#7]-[#6]-[#6])=[#8])=[#8]
48 	[#6][SX3](=[OX1])[#6]
48 	[#7](:[#6]:1:[#6]:[#6]:[#6]:[#6]:[#6]:1):[#6]:1:[#6]:[#6]:[#6]:[#6]:[#6]:1
48 	[#6]-[#7](-[#6]:[#6]:[#6]:[#6]-[#7])-[#6]
49 	[#6]:1:[#6]:[#6]:[#6]:[#6]:[#6]:1-[#6]-[#7](-[#6])-[#6]-[#6]:1:[#6]:[#6]:[#6]:[#6]:[#6]:1
49 	n1ccnn1
49 	[#6]-[#6]-[#6]-[#7]-[#6]-[#6]:[#7]:[#6]:[#6]
50 	[#6]-[#6]:[#6]:[#6]:[#6]:[#6]:1:[#6]:[#6](:[#6]:[#6]:[#6]:1)-[#6]
50 	[#6](-[#6]:1:[#6]:[#6]:[#6]:[#16]:1)=[#8]
50 	[#6]-[#8]-[#6](-[#6]-[#6]-[#6](-[#6]-[#6]-[#6]=[#6]-[#6]-[#6])-[#6])-[#6]
50 	[#6]-[#7]-[#6]-[#6]-[#6]-[#7]-[#6]-[#6]:[#6]:[#6]:[#6]
50 	[#6]-[#6](-[#6](-[#6]-[#6]-[#6]-[#7]-[#6])-[#6]-[#6])-[#6]
52 	[#6]=[#6](-[#6]-[#6]-[#6]-[#6](-[#6]-[#6])(-[#6])-[#6]-[#6]-[#6]-[#6]-[#6])-[#6]
52 	[#6][SX2H1]
52 	[#6]:[#6](-[#6]:1:[#6]:[#6]:[#6]:[#6]:[#6]:1):[#7]:[#7]
52 	[#6](:[#6](-[#6]:1:[#6]:[#6]:[#6]:[#6]:[#6]:1):[#7]):[#7]
52 	[#6]-[#6]-[#7](-[#6](-[#6]-[#6]:1:[#6]:[#6]:[#6]:[#6]:[#6]:1)-[#6])-[#6]-[#6]
53 	[#6]-[#6](-[#6]-[#7]-[#6])(-[#6](-[#6])-[#6])-[#6]
53 	[#6]-[#6](-[#7]-[#6]-[#8]-[#6]-[#6])=[#8]
53 	[#6]-[#7]-[#6](-[#6](-[#6]:1:[#6]:[#6]:[#6]:[#6]:[#6]:1)-[#6])-[#6]
54 	[#6]-[#6]-[#6](-[#6]-[#6](-[#6])-[#6](-[#8]-[#6])=[#8])-[#6]-[#6]
54 	[#6]:1:[#6]:[#6]:[#6]:[#6]:[#6]:1-[#7](-[#6])-[#6]-[#6](-[#6])-[#6]
54 	[#6]-[#6]-[#6](-[#6]-[#7]-[#6]-[#6]=[#8])-[#6]
54 	[#6]:1:[#6]:[#6]:[#6](:[#6]:[#6]:1)-[#6](-[#6])-[#6]-[#6](-[#8]-[#6])=[#8]
55 	[#6]:1:[#6]:[#6]:[#6](:[#6]:[#6]:1)-[#6]:[#6]:[#6]:[#6]:1:[#6]:[#6]:[#6]:[#6]:[#6]:1
55 	[#6]-[#6]-[#6]-1-[#6]-[#6]-[#7](-[#6]-[#6]-1)-[#6]-[#6]
55 	[#6]-1-[#6]-[#6]-[#6](-[#6]-[#6]-1(-[#6])-[#6])-[#6](-[#6])(-[#6])-[#6]
55 	[#6]-[#6](:[#6]:[#6](:[#6]:[#6]-[#6]):[#6]:[#6]:[#6]):[#6]
55 	[#6]:[#6]:[#6]:[#6]:1:[#6]:[#6]:[#6](-[#8]):[#6](-[#6]):[#6]:1
56 	[#6]-[#6]-[#8]-[#6]-[#6]-[#8]-[#6]-[#6]-[#8]-[#6]-[#6]-[#8]-[#6]-[#6]
56 	[#7]-[#6](-[#6](-[#8])=[#8])-[#6]-[#6]:1:[#6]:[#6]:[#6]:[#6]:[#6]:1
56 	[#6]-[#6]-[#6]:[#6](-[#6]-[#8]-[#6]):[#6]:[#6]:[#6]
57 	[#6]-[#6](-[#8]-[#6](-[#7]-[#6](-[#6]=[#8])-[#6]-[#6])=[#8])(-[#6])-[#6]
57 	[#6]-[#8]-[#6]:1:[#6]:[#6]:[#6](-[#6]-[#6]-[#6]-[#6]-[#6]-[#6]-[#6]):[#6]:[#6]:1
57 	[#6](-[#7]-[#6]-[#6]-[#6]:1:[#6]:[#6]:[#6]:[#6]:[#6]:1-[#6])-[#6]-[#6]
57 	[#6]-[#8]-[#6]-[#6]-[#6](-[#6])=[#6]-[#6]-[#6]-[#6]-[#6]-[#6]
57 	[#6]-[#8]-[#6]-[#6]-[#6]-[#6]-[#6]-[#7]-[#6]-[#6]-[#6]-[#6]
58 	c1cnco1
59 	n1ncccc1
59 	[#6]-[#6]-[#8]-[#6]-[#6]=[#6]-[#6]-[#6]-[#6]-[#6]-[#6]-[#6]
60 	[#7]-[#6]-[#6]-[#6]-[#7]-[#6]-[#6]:[#6]:[#6]:[#6]
60 	[#7]:1:[#6]:[#6]:[#6]:[#7]:[#6]:1-[#6]
60 	[#6]-[#6]=[#6]-[#6]-[#6](-[#6]-[#6]-[#6]-[#6]=[#8])-[#6]-[#6]
61 	[#6]-[#6](-[#6]-[#6]-[#7]-[#6])-[#6]-[#7]-[#6]
61 	[#6]-[#6]:1:[#7]:[#6]:[#6]:[#7]:1-[#6]
61 	[#6]-[#6]-[#6]:1:[#6]:[#6](-[#6]):[#6](-[#8]-[#6]):[#6]:[#6]:1
61 	[#6]-[#16]-[#6]-[#6]-[#6](-[#7]-[#6]-[#6]-[#8])=[#8]
61 	[#6]-[#6]-[#6](-[#6](-[#7]-[#6](-[#6])-[#6])=[#8])-[#6]
62 	[#8]-[#6](-[#6]-[#6]-[#6]=[#6]-[#6]-[#6]-[#6]-[#6]-[#6])-[#6]
62 	[#6]-[#6](-[#6]-[#6])-[#6]:1:[#6]:[#6]:[#6]:[#6]:[#6]:1-[#7]
62 	[#7]-[#6](-[#6](-[#8])=[#8])-[#6]-[#6](:[#6]:[#6]:[#6]:[#6]):[#6]
62 	[#7]-[#6]:1:[#6]:[#6]:[#6]:[#6]:[#6]:1-[#6]-[#6]-[#6]-[#6]
63 	[#6]-[#6]-[#6](-[#6]-[#7]-[#6]-[#6])-[#6]=[#8]
64 	[#6]-[#6]:[#7]:[#6]:1:[#6](:[#7]):[#6]:[#6]:[#6]:[#6]:1
64 	[#8]=[#6](-[#7]-[#7])-[#6]-[#6]
64 	[#6]-[#6](-[#6](-[#6])-[#6]-[#6])-[#6]-[#6]-[#6]-1-[#6](-[#6])-[#6]-[#6]-[#6]-[#6]-1(-[#6])-[#6]-[#6]-[#6](-[#8])-[#6]
65 	[#6]-[#7]-[#6]-[#7]-[#6](-[#6])-[#6]-[#6]
65 	[#6]-[#6](-[#6](-[#6]-[#6]-[#6]-[#7])-[#6]-[#6])-[#6]
65 	[#6][NX4+]([#6])([#6])[#6]
65 	[ClX1][CX3]=[CX3]
66 	[#6]-[#6]-[#6](-[#6]-[#7]-[#6](-[#6])-[#6])-[#6]-[#6]
67 	[#6]-[#6]-[#6](-[#6]=[#8])(-[#6]-[#6]-[#6])-[#6]-[#6]
68 	[#6][CX3H1]=[NX2][#6]
68 	[#6]-[#6](-[#6]-[#7])(-[#6](-[#6])-[#6])-[#6]
68 	[#6]:[#6]:[#6]:[#6]-[#6]:[#6](-[#8]):[#6]:[#6]:[#6]:[#6]
68 	[#6]-[#6](-[#6]-[#6]-[#16]-[#6])-[#8]
68 	[#6]:[#6]:[#6]:[#6]-[#7](-[#6]-[#6])-[#6]-[#6]-[#8]
68 	[#6][OX2][PX4]([#6])(=[OX1])[OX2][#6]
68 	[#7]:[#6](-[#6]):[#7]:[#6]:1:[#6]:[#6]:[#6]:[#6]:[#6]:1
68 	[#6]-[#6](-[#6]-[#7]-[#6]-[#6](-[#6])-[#6])-[#6]
70 	[#6]:[#6]:[#6]:[#6]-[#6]-[#6]-[#6]-[#6](-[#6])-[#6]-[#6]-[#6]-[#6]-[#6]
70 	[#6](-[#6]-[#6]:1:[#6]:[#6]:[#6]:[#6]:[#6]:1)-[#7]-[#6]-[#6]-[#6]-[#6]-[#6]-[#6]
70 	[#6]-[#8]-[#6]-[#6]-[#6]-[#6]=[#6]-[#6]-[#6]-[#6]-[#6]-[#6]
71 	[#6](:[#7]):[#6]:[#6](:[#6])-[#7]-[#6]
71 	[#6](-[#6](-[#8]-[#6]-[#6])=[#8])-[#6]-[#6]=[#8]
72 	[#6]-[#6](-[#7]-[#6]-[#6]-[#6]-[#6]-[#6]-[#6])-[#6]-[#8]
72 	[#6]-[#6](-[#6]-[#6]=[#6]-[#6](-[#6])-[#6](-[#6]-[#6])-[#6]-[#6]-[#6])-[#6]
72 	[#6]-[#6](-[#6](-[#6])-[#6]-[#6]-[#6]-[#6]-[#8]-[#6](-[#6])=[#8])(-[#6])-[#6]
73 	[#6]:1:[#6]:[#6](:[#6]:[#6]:[#6]:[#6]:[#6]:[#6]:[#6]:1)-[#6]=[#8]
73 	[#6](-[#6]-[#6](-[#7](-[#6])-[#6]-[#6]-[#8])=[#8])-[#6]
73 	[#8]=[#6](-[#7])-[#6]-[#6]-[#6]-[#6]=[#8]
73 	[#6]-[#6]-[#7]=[#6]-[#6]:1:[#6]:[#6]:[#6]:[#6]:[#6]:1
73 	[#7](:[#6]:1:[#6]:[#6]:[#6](:[#6]:[#6]:1)-[#6]):[#6]
74 	[#6]-[#6]-[#6]-[#6]-[#6]-[#6]=[#6]-[#6]-[#6]-[#6]=[#8]
74 	[CX3]=[CX3]-[CX3]=[CX3]-[CX3]=[CX3]
74 	[#6](-[#6]=[#6]-[#6]-[#6](-[#6]-[#6]-[#6]-[#6])-[#6]-[#6])=[#8]
75 	[#6](-[#6](-[#7](-[#6]-[#6])-[#6]-[#6])-[#6]-[#6])-[#8]
75 	[#6]-1=[#6]-[#6]-[#6]=[#6]-[#6]-1
75 	[#6]-[#6](-[#6](-[#6])-[#6](:[#6]):[#6]:[#6]:[#6])-[#7]
76 	[#6]-[#8]-[#6]:1:[#6]:[#6]:[#6](:[#6]:[#6]:1)-[#6]:[#6]
76 	[CX3]=[CX3][CX3](=[OX1])[OX2H1]
76 	[#7]:[#7](:[#6](:[#6])-[#6])-[#6]
77 	[#6]-[#8]-[#6](-[#6]:[#6]:[#6]:[#6]-[#6])=[#8]
77 	[#6]:[#6]:[#6]:[#6]:[#6]:1:[#6]:[#6](:[#6]:[#6]:[#6]:1)-[#6]=[#8]
78 	[#6]-[#6]-[#6](-[#6]-[#7]-[#6]-[#6]-[#8])-[#6]
78 	[#6](:[#6]:[#6]:[#6](-[#6]-[#8]):[#6]:[#6]):[#6]:[#6]:[#6]
78 	[#6]-[#8]-[#6](-[#6]-[#6]-[#6]-[#6]-[#7]-[#6])=[#8]
78 	[#6]-[#6](:[#6]:[#6]-[#6]):[#6]:[#6]:[#6]:[#6]:[#6]:[#6]
78 	[#6]-[#6]-[#6](-[#6]-[#7]-[#6]-[#6]:1:[#6]:[#6]:[#6]:[#6]:[#6]:1)-[#6]
79 	[#6]:1:[#6]:[#6]:[#6](:[#6]:[#6]:1)-[#6]:[#8]:[#6]
79 	n1ccncc1
79 	[#6](-[#6]:1:[#6]:[#6]:[#6]:[#6]:[#6]:1)-[#7]-[#6]-[#6]:1:[#6]:[#6]:[#6]:[#6]:[#6]:1
79 	[#6]:1:[#6]:[#6]:[#6](:[#6]:[#6]:1)-[#8]-[#6]:1:[#6]:[#6]:[#6]:[#6]:[#6]:1
79 	[#7](-[#6]-[#6]:[#6]:[#6]:[#6])-[#7]
79 	[#6]:[#7]:[#6](-[#6]-[#7]):[#6]:[#6]
79 	[#7]-[#6]-[#6]:[#7]:[#6]:[#6]:[#6]:[#6]
79 	[#6][OX1-]
80 	[#6]-[#6]:1:[#6]:[#6]:[#6]:[#6]:[#6]:1-[F]
80 	[#6](-[#6]-[#6](-[#6]:1:[#6]:[#6]:[#6]:[#6]:[#6]:1)-[#8])-[#8]
80 	[#6](-[#8]-[#6]-[#6]:[#6]:[#6]:[#6])-[#6]-[#6]-[#7]-[#6]
81 	[#6]-[#6]:[#7]:[#7]:[#6]-[#6]
81 	[#6][CX3]([#6])=[NX2][#6]
81 	[#6]-[#7](-[#6])-[#7]=[#6]-[#6]
81 	[#6]:[#6]:[#6]:[#6](-[#6]):[#6]:[#6]-[#6]:[#6]:[#6]:[#6]
81 	[#7]-[#6](-[#6])-[#6](-[#6])(-[#6])-[#6]
81 	[#6](:[#7]-[#6]):[#7]:[#6]:1:[#6]:[#6]:[#6]:[#6]:[#6]:1
82 	[#6]-[#8]-[#6]-[#6]:1:[#6]:[#6]:[#6]:[#6](-[#8]):[#6]:1
82 	[#6]:1:[#6]:[#6]:[#6](:[#6]:[#6]:1)-[#6]-[#6]-[#7]-[#6](-[#6])-[#6]
82 	[#6]-[#6](-[#6](-[#6])-[#6]-[#6])(-[#6]-[#6]-[#6]-[#6]-[#6]-[#6](-[#6])(-[#6])-[#6]-[#6]-[#6](-[#8])-[#6])-[#6]-[#6]
82 	[CX3]=[NX2][NX3]([#6])[#6]
82 	[#6]-[#6]-[#6]-[#6]-[#6](-[#8]-[#6](-[#6]-[#6])-[#6])=[#8]
83 	[#6]-[#6]-[#6]-[#7]-[#6](-[#6]:1:[#6]:[#6]:[#6]:[#6]:[#6]:1)-[#6]
84 	[#6]-[#6]-[#6](-[#6]-[#6]-[#6])-[#6](-[#8]-[#6]-[#6])=[#8]
84 	[#6]:1:[#6]:[#6]:[#6](:[#6]:[#6]:1)-[#6]:[#7]:[#7]:[#6]
85 	[#6][CX3](=[OX1])[NX3]([#6])[CX3](=[OX1])[#6]
85 	[#6]-[#6]-[#7]=[#6]-[#6]:[#6]:[#6]:[#6]
85 	[#6]-[#6]=[#7]-[#6]-[#6]-[#6]
85 	[#6]-[#6]-[#6](-[#7]-[#6](-[#6]-[#6])=[#8])-[#6]-[#8]-[#6]
85 	[#8]=[#6](-[#6](-[#6]-[#6]:1:[#6]:[#6]:[#6]:[#6]:[#6]:1)-[#6])-[#8]
86 	[#6]-[#6]-[#6](-[#6]-[#6](-[#6]-[#6]-[#8])-[#6]-[#8])-[#6]-[#6]-[#6]
86 	[#6]:1:[#6]:[#6]:[#6](:[#6]:[#6]:1)-[#7]:[#7]:[#6]
87 	[#6][NX2]=[NX2][#6]
88 	[#6]-[#7](:[#6](-[#6]):[#7]:[#6]):[#6]
89 	[#6]:1:[#6]:[#6]:[#6](-[#6](-[#6])-[#6](-[#8])-[#6]):[#6]:[#6]:1
90 	[#6]-[#6]-[#6](=[#6]-[#6]:[#6]:[#6]:[#6])-[#6]
90 	[#6](:[#6]:[#6]:[#7]-[#6]:[#6]:[#6]:[#6]):[#7]
91 	[#6]-[#6](-[#6]-[#6])=[#7]-[#8]
91 	[#6]-[#6]-[#6](-[#6]-[#7]-[#6](-[#6])=[#8])-[#6]
92 	[#6]-[#6](-[#7](-[#6]=[#8])-[#6]-[#6])=[#8]
92 	[#6]:1:[#6]:[#6]:[#6](-[#6]-[#6]:[#6]:[#6](-[#6]):[#6]:[#6]:[#6]):[#6]:[#6]:1
93 	[#6]-[#6](-[#6])-[#8]-[#6](-[#6](-[#6])-[#6])=[#8]
94 	[#7]:1:[#6](:[#7]:[#6]:[#6]:1)-[#6]
94 	[#6](:[#7](-[#6]-[#6]-[#6](-[#8])-[#6]):[#6]:[#7]):[#6]:[#6]
95 	[#6]:1:[#6](:[#6](:[#6]:[#6](:[#6]:1)-[#8])-[#8])-[#6]-[#6]
95 	[#6]:[#7]:[#7]-[#6]:[#6]:[#6]:[#6]
97 	[#6]=[#6](-[#6]-[#6])-[#6](-[#6])=[#8]
97 	C1OC1
97 	[#6]:[#7]:[#6](:[#7]-[#6]):[#6]:[#6]:[#7]
97 	[#6]-[#8]-[#6]:1:[#6]:[#6]:[#6](-[#6]-[#6]):[#6](-[#6]-[#6]):[#6]:1
97 	[#6]-[#6](-[#8]-[#6])-[#6]-[#6]-[#7](-[#6])-[#6]
98 	[#6]-[#6]-[#6]:1:[#6]:[#6]:[#6]:[#7]:[#6]:1
98 	[#7](-[#6](=[#8])-[#8]-[#6]-[#6]:1:[#6]:[#6]:[#6]:[#6]:[#6]:1)-[#6]-[#6]
98 	[#6]-[#6](-[#6]-[#6])-[#6]-[#6]-[#6](-[#6]-[#6])-[#6]-[#8]-[#6](-[#6])=[#8]
98 	[#6]-[#8]-[#6](-[#6]-[#6])(-[#6]-[#6]-[#6]-[#6]-[#6])-[#6]
98 	[#7]-[#6]-[#6]-[#6]-[#7]-[#6](-[#6])=[#8]
98 	[#6][SX4](=[OX1])(=[OX1])[NX3]([#6])([#6])
100 	[#6]-[#6](-[#7](-[#6]-[#6]:1:[#6]:[#6]:[#6]:[#6]:[#6]:1)-[#6])=[#8]
102 	[#6]-[#6]:[#6]:[#6](-[#6]:1:[#6]:[#6]:[#6]:[#6]:[#6]:1):[#6]
102 	[#6](-[#6]-[#6]-[#6]-[#6](-[#6]-[#6]-[#6]-[#6](-[#6](-[#6]-[#6])(-[#6])-[#6](-[#6])-[#6]-[#6])-[#6])-[#6])-[#6]
102 	[#7]:[#7]:[#6]-[#6]:1:[#6]:[#6]:[#6]:[#6]:[#6]:1
102 	[#6]-[#8]-[#6](-[#6](-[#6])(-[#6])-[#6](-[#6]-[#6])-[#6]-[#6])-[#6]
103 	[#6]-[#8]-[#6]-[#6]-[#6]=[#6]-[#6]-[#6]-[#6]-[#6]-[#6]
103 	[#6]-[#7](:[#6]):[#6]:[#6](:[#6]:[#6]):[#6]:[#6]:[#6]
104 	[#6]-[#6]-1-[#6]-[#6]-[#6]-[#6]-[#6]-2-[#6]-[#6]-[#6]-3-[#6]-[#6]-[#6]-[#6]-[#6]-3(-[#6]-2-[#6]-[#6]-1)-[#6]
104 	[#6]-[#6]-[#6](-[#8])-[#6]-[#6](-[#6]-[#8])-[#6]-[#6]-[#6]-[#6]-[#6]
105 	[#6]-[#6]-[#7]-[#6]-[#8]-[#6]-[#6]:1:[#6]:[#6]:[#6]:[#6]:[#6]:1
105 	[#6]:[#6]:[#6]:[#6](:[#7])-[#7]-[#6]
105 	[#6][SX4](=[OX1])(=[OX1])[OX2][#6]
106 	[#6]-[#6]-[#6]-[#6]-[#7]-[#6]-[#6](-[#7]-[#6])-[#6]-[#6]
106 	[#6]-[#6]-[#6](-[#6]-[#7])(-[#6])-[#6]-[#6]
106 	[#6]-[#7](-[#6]-[#6])-[#6]:1:[#6]:[#6]:[#6]:[#6]:[#6]:1-[#6]
106 	[#6]-[#6](-[#7]-[#6](-[#6]-[#8]-[#6]-[#6])-[#6]-[#6])=[#8]
106 	[#7]-[#6](-[#6]-[#8])-[#6]-[#6]:1:[#6]:[#6]:[#6]:[#6]:[#6]:1
106 	[#8]=[#6](-[#6](:[#6]-[#6]-[#6]):[#6])-[#6]
107 	[#6](-[#6](-[#6]-[#6])-[#6]:1:[#6]:[#6]:[#6]:[#6]:[#6]:1)-[#8]
107 	[#6]-[#6]-[#6]:1:[#6]:[#6]:[#6]:[#6]:[#6]:1-[#6]-[#8]
108 	[#6]:[#6]:[#6]:[#6]:[#6]-[#6]-[#6](-[#6])-[#6](:[#6]):[#6]:[#6]:[#6]
108 	[#6]-[#8]-[#6]-[#6](-[#6](-[#6]-[#6](-[#6])-[#6])-[#6])-[#6]-[#6]-[#6]
108 	[#8]=[#6]-[#6]:1:[#6]:[#6]:[#6]:[#6](:[#6]:1)-[#8]-[#6]
108 	[#6]-[#6]-[#6](-[#6]-[#7]-[#6])-[#6]=[#8]
109 	[#6]-[#8]-[#6](-[#6](-[#6])-[#7]-[#6]=[#8])-[#6]
109 	C1[CX3](=[OX1])NC1
109 	[#6]:[#6]:[#6]:[#6]:[#6]-[#6]-[#6](-[#6])(-[#6])-[#6]
110 	[#6](=[#6]-[#6]-[#6](-[#6]-[#6])-[#8])-[#6]-[#6]-[#6]-[#6]-[#6]
110 	[#6]-[#6]-[#6]-[#6]-[#7](-[#6])-[#6]-[#6]=[#8]
111 	[#7](-[#6]:[#6]:[#6]:[#6]:[#6])-[#6](:[#6]:[#6]):[#6]:[#6]:[#6]
111 	c1nncn1
111 	[#6]-[#8]-[#6]:1:[#6]:[#6](:[#6]:[#6]:[#6]:1):[#6]:[#6]:[#6]:[#6]
113 	[#6](-[#6]-[#6](-[#6]-[#6])-[#8]-[#6](=[#8])-[#6])-[#6]-[#8]-[#6](=[#8])-[#6]
114 	[#6]:1:[#7]:[#6](:[#6]:[#7]:1-[#6]):[#6]
114 	[#6](-[#6](-[#8])-[#6]-[#6]-[#6])-[#6]-[#6]-[#6]-[#6]-[#8]-[#6]-[#6]
115 	[#6](:[#6]:[#6]:[#6]-[#6]-[#7]):[#7]
115 	[#6](:[#6])-[#7]-[#6](-[#6]:[#6]:[#6]:[#6])=[#8]
115 	[#6]-[#6]-[#8]-[#6]-[#7]-[#6]-[#6]-[#7]
115 	[#6]-[#6]-[#6]=[#7]-[#6]
115 	[#6]-[#6](-[#6](-[#7])-[#6]-[#8])-[#6]
115 	[#6]-[#6](:[#7]:[#6]:[#6]):[#7]:[#6]
116 	[#6]-[#6]-[#6]-[#6](-[#6]-[#7]-[#6])-[#6]-[#6]-[#6]
116 	[#6]-[#8]-[#6]:[#6]:[#6]:[#6]:[#6]:[#6]-[#7]
117 	[#6](-[#6]-[#6](-[#7]-[#6]-[#6]-[#8]-[#6])=[#8])-[#6]
117 	[#6]-1-[#6]-[#6](-[#6]-[#6]-[#6]-1)-[#6](-[#8])=[#8]
118 	[#6]-[#6]-[#6](:[#6]:1:[#6]:[#6]:[#6]:[#6]:[#6]:1:[#7]):[#6]
118 	[#6]-[#6](-[#6]-[#7]-[#6]:1:[#6]:[#6]:[#6]:[#6]:[#6]:1)-[#6]
118 	[#7]-[#6]:1:[#6]:[#6]:[#6]:[#6]:[#6]:1-[#6]-[#6]-[#6]
118 	[#6]:1:[#6]:[#6](:[#6](-[#6]=[#8]):[#6]:[#6]:1)-[#8]-[#6]
118 	[#6]-[#7]-[#6]-[#6]-[#8]-[#6]-[#6]-[#8]
118 	[#6](-[#6]-[#6]-[#6]-[#6](-[#6])-[#6]-[#6]-[#6]-[#6](-[#8])(-[#6])-[#6]-[#6])-[#6]
119 	[#6]:[#6]:[#6]:[#6]:[#7]:[#6]-[#6]-[#6]-[#6]
119 	[#6](:[#6]:[#6]:[#6])-[#6]-[#6](-[#6])(-[#6])-[#6]
119 	[#6](-[#6]-[#6]-[#6]-[#6](-[#6](-[#6](-[#8])-[#6])-[#6])(-[#6])-[#6]-[#6]-[#6])-[#6]
119 	[#6]-[#6]=[#6]-[#6]-[#6](-[#6])(-[#6]-[#6]-[#6])-[#6]-[#6]
121 	[#8]-[#6]-[#6](:[#6]:[#6]:[#6]:[#6]:[#6]:[#6]):[#6]
122 	[#6]-[#6]-[#6]-[#6]-[#6]-[#6]=[#6]-[#6]-[#8]-[#6]
122 	[#6](:[#6]:[#7]-[#6]-[#6]-[#6]):[#7]
122 	[#6]-[#6]-[#6](-[#6]-[#7]-[#6](-[#6])-[#6])-[#6]
122 	[#7]-[#6]-[#6]-[#6](-[#7]-[#6])=[#8]
122 	[#6]-[#6](-[#6](-[#8])-[#6]-[#6]-[#6])-[#6]-[#6]-[#6]-[#6]-[#8]
123 	[#6]:[#6]:[#6](:[#7])-[#7]-[#6]-[#6]
124 	[#6][CX3](=[OX1])[NX3H2]
125 	[#6]-[#6]=[#6]-[#6]-[#6](-[#6]-[#6])(-[#6]-[#6])-[#6]
125 	[#6](-[#6]:1:[#6]:[#6]:[#6]:[#6]:[#6]:1)(-[#6]:1:[#6]:[#6]:[#6]:[#6]:[#6]:1)-[#8]
127 	[#6](-[#6]=[#8])-[#6]-[#6](-[#8]-[#6])=[#8]
127 	[#6]-[#8]-[#6](-[#6](-[#6])(-[#6])-[#6])=[#8]
128 	[#6](-[#6]-[#6]-[#6]-[#6]-[#6])=[#6]-[#6]-[#6](-[#8])-[#6]
128 	[#6]-[#6](-[#6]-[#6]-[#6](-[#7]-[#6])-[#6])-[#6]
129 	[#8]=[#6](-[#7])-[#6]-[#6]:1:[#6]:[#6]:[#6]:[#6]:[#6]:1
129 	[#6]-[#6]-[#6]-[#6]-[#7]-[#6]-[#6](-[#7]-[#6])-[#6]
130 	[#6]-[#6](-[#6])=[#7]-[#8]
130 	[IX1][#6]
131 	[#6]-[#6]-[#6](-[#6](:[#6]):[#6]:[#6]:[#6])-[#6](:[#6]):[#6]:[#6]:[#6]
131 	[#6]:1:[#6]:[#6]:[#6](:[#6]:[#6]:1)-[#6](-[#6]-[#8]-[#6])-[#6]
131 	[#6]-[#6](-[#8]-[#6]:1:[#6]:[#6]:[#6]:[#6]:[#6]:1)=[#8]
131 	[#6]:1:[#6]:[#6]:[#6](-[#6]=[#8]):[#6](-[#6]=[#8]):[#6]:1
132 	[#6]:[#6]:[#6]:[#6](-[#6](-[#6]:[#6]:[#6]:[#6]:[#6])-[#8]):[#6]:[#6]
132 	[#6]:1:[#6]:[#6]:[#6]:[#6](:[#6]:1:[#7]):[#7]:[#6]
132 	[#6]-[#6]-[#6]-[#6](-[#6](-[#7]-[#6])=[#8])-[#6]
132 	[#6](-[#6]-[#6]:1:[#6]:[#6]:[#6]:[#6]:[#6]:1)-[#6]-[#6]:1:[#6]:[#6]:[#6]:[#6]:[#6]:1
132 	[#6]-[#6](-[#6])-[#6]-[#6]-[#6](-[#6]-[#6]-[#6])-[#6]-[#8]-[#6]-[#6]
135 	[#6]-[#6]-[#6](-[#8]-[#6](-[#6]:[#6]:[#6]:[#6])=[#8])-[#6]
136 	[#6]-[#6]-1(-[#6]-[#6]-[#6])-[#6]-[#6]-[#6]-2-[#6](-[#6]-1)-[#6]-[#6]-[#6]-[#6]-2(-[#6])-[#6]-[#6]-[#6]-[#6]
136 	[#6](:[#7](-[#6]-[#6]-[#6]-[#6]-[#6]):[#6]):[#6]:[#6]
137 	[#6]=[#6](-[#6]-[#6]-[#6]-[#6](-[#6])-[#6]-[#6]-[#6]-[#6](-[#6])-[#6])-[#6]
137 	[#6]-[#6]-[#6](-[#6]-1-[#6]-[#6]-[#6]=[#6]-[#6]-1)-[#6]
139 	[#6]-[#6](-[#7]-[#6](-[#6])-[#6]-[#6]:1:[#6]:[#6]:[#6]:[#6]:[#6]:1)=[#8]
139 	[#6]-[#6]-1(-[#6](-[#6](-[#6]-[#6]-[#6]-1)-[#6]-[#6]-[#6]-1-[#6]-[#6]-[#6]-[#6]-[#6]-1-[#6])-[#6])-[#6]-[#6]
140 	[#6]-[#6]-[#6]-[#6](-[#6]=[#8])(-[#6])-[#6]-[#6]-[#6]
140 	[#6]-[#6](-[#6]-[#8])-[#7]-[#6](-[#6]-[#6]-[#6])=[#8]
141 	[#6]-[#7]-[#7]=[#6](-[#6])-[#6]
141 	[#6](-[#7]-[#6]:1:[#6]:[#6]:[#6]:[#6]:[#6]:1)-[#6]:1:[#6]:[#6]:[#6]:[#6]:[#6]:1
141 	[#6]-[#6]-[#6]-[#6]-[#6]-[#7]-[#6]:1:[#6]:[#6]:[#6]:[#6]:[#6]:1
143 	[#6]-[#6](:[#6](-[#6]-[#8]-[#6]):[#6]):[#6]
143 	[#6](-[#6]:[#6](-[#6]=[#8]):[#6]:[#6])=[#8]
144 	[#6](-[#6]-[#6](-[#6](-[#6])-[#6]-[#6])(-[#6])-[#6]-[#6])=[#8]
145 	[#6](-[#6]-[#6]-[#6](-[#6](-[#6]-[#6]-[#6]=[#6]-[#6])-[#6])-[#6](-[#6])-[#6])-[#6]
145 	[#6]:1:[#6]:[#6]:[#6]:[#6]:[#6]:1:[#6]=[#8]
145 	[#6]-[#6]:1:[#6]:[#6]:[#6]:[#16]:1
146 	[#6]-[#6]-[#6](:[#6]):[#6]:[#6]:[#6]:[#7]
146 	[#6]-[#6]-[#6](:[#6]:[#6]:[#6]:[#6]:[#6]:[#6]:[#7]):[#6]
146 	[#6]-[#6]-[#7](-[#6]-[#6])-[#6](=[#8])-[#8]-[#6]
147 	[#6](-[#6]:1:[#6]:[#6]:[#6](:[#6]:[#6]:1)-[#8]-[#6]-[#6])-[#6]
148 	[#6]-[#6]-[#7](-[#6](=[#8])-[#8])-[#6]-[#6]
149 	[#7]-[#6]:1:[#6]:[#6]:[#6]:[#6]:[#6]:1-[#7]
149 	[#6]-[#6]:1:[#6]:[#6]:[#6]:2:[#6]:[#6]:[#6]:[#6]:[#6]:2:[#6]:1
150 	[#6][SX4](=[OX1])(=[OX1])[NX3H1][#6]
150 	[#6]-[#6](-[#6](-[#6])(-[#6])-[#6])=[#8]
151 	[#6](-[#6](-[#6])-[#6]-[#6](-[#7]-[#6])-[#6])-[#6]
151 	[#6](-[#6])-[#6]-[#6](:[#6]):[#6]:[#7]:[#6]
152 	[#6]-[#7](-[#6]-[#6])-[#6]-[#6]-[#7]-[#6](-[#6])=[#8]
152 	[#6](-[#6](-[#8]-[#6])=[#8])-[#6]-[#6](:[#6]:[#6]:[#6]:[#6]):[#6]
153 	[#6]-[#6](-[#6](=[#8])-[#6])=[#6]-[#6]
154 	[#6][SX4](=[OX1])(=[OX1])[#6]
155 	[#6]:1:[#6]:[#6]:[#6](:[#6]:[#6]:1)-[#8]-[#6]-[#6]-[#6]-[#6]-[#6]
155 	[#6]-[#6]-[#6]-[#6]-[#6]-1(-[#6]-[#6]-[#6]-[#6](-[#6](-[#6]-[#6])-[#6](-[#6])-[#6]-[#6])-[#6]-1)-[#6]
156 	[#6](:[#7]):[#7]:[#6]:1:[#6]:[#6]:[#6]:[#6]:[#6]:1
156 	c1cncs1
156 	[#6]-[#6]-[#6]-[#7]-[#6](-[#6]:1:[#6]:[#6]:[#6]:[#6]:[#6]:1)=[#8]
157 	[#6]:1:[#6]:[#6]:[#6]:[#6]-2:[#6]:1-[#6]-[#6]-[#6]-[#6]-2
157 	[#6]-[#6](-[#6])(-[#6](-[#6])(-[#6])-[#6])-[#6]
157 	[#6]:[#6]:[#6]:[#6](:[#6])-[#6]:[#7]:[#6]:[#6]:[#6]
157 	[#6]-[#6](-[#6]-[#6]-[#6]-[#6]-[#6]-[#7])-[#6]
158 	[#7]-[#7]-[#6]:1:[#6]:[#6]:[#6]:[#6]:[#6]:1
159 	[#6]-[#6]-[#6]-[#6](-[#7](-[#6])-[#6]-[#6]-[#6])=[#8]
161 	[#6]-[#6](-[#7]-[#6](-[#6]-[#6])-[#6]-[#8]-[#6])=[#8]
162 	[#6]:1:[#6]:[#6]:[#6]:[#6](:[#6]:1)-[#8]-[#6]-[#6]:1:[#6]:[#6]:[#6]:[#6]:[#6]:1
163 	[#6]-[#6](-[#6](-[#6](-[#6]-[#6])-[#6]-[#6]-[#6])-[#6])=[#8]
163 	[#6]-[#8]-[#6]-[#6](-[#6])(-[#6])-[#6](-[#6]-[#6])-[#6]-[#6]
163 	c1ccnn1
164 	[#8]=[#6](-[#6](:[#6]):[#6])-[#6]-[#6]-[#6]
165 	[#7]=[#6](-[#6]-[#6]-[#6])-[#6]
166 	[#6]-[#6](-[#8])-[#6]-[#6]-[#7](-[#6])-[#6]
167 	[#6]-[#6](-[#6]-[#6]:1:[#6]:[#6]:[#6]:[#6]:[#6]:1)-[#7]-[#6]-[#6]-[#6]
167 	[#6]-[#6]-[#7]=[#6]-[#6]
167 	[#6]-[#8]-[#6](-[#6]-[#6])(-[#6]-[#6])-[#6]
168 	[#6]-[#6]-[#8]-[#6]-[#6]=[#6]-[#6]-[#6]
169 	[#7](:[#6]:[#6]:[#7]):[#6]-[#6]
169 	[#7](:[#6]):[#6](:[#7]:[#6])-[#6]
170 	[#6](:[#6]:[#6](-[#6]):[#6]-[#6]-[#6](-[#6])-[#6]):[#6]
171 	[#8]=[#6]-[#6](-[#6])-[#6]:1:[#6]:[#6]:[#6]:[#6]:[#6]:1
172 	[#6]-[#6]-[#7](-[#6](-[#6]-[#8])-[#6]-[#6])-[#6]
172 	c1ccco1
172 	[CX3]=[NX2][NX3H1][#6]
172 	[#6]=[#6]-[#6]-[#6]-[#6]-[#6](-[#6]-[#6]-[#6]-[#6]-[#8])-[#6]
172 	[#8]=[#6](-[#6](:[#6]-[#6]):[#6])-[#6]
173 	[#6]:1:[#7]:[#6](:[#6]):[#6]:[#7]:1
173 	[#6]-[#6]-[#6](=[#6]-[#6])-[#6]-[#8]
173 	[#6]:[#6]:[#6]:[#6]-[#6]-[#8]-[#6]:1:[#6]:[#6]:[#6]:[#6]:[#6]:1
174 	[#6]=[#6](-[#6])-[#6](-[#6])=[#8]
175 	[#6]-[#6](:[#8]:[#6]):[#6]:[#6]
175 	[#6]-[#6]-[#6]-[#6](-[#6]-[#6](-[#6])-[#6])-[#6](-[#6])(-[#6])-[#6]
176 	[#6]:[#6]:[#6]:[#6]:1:[#6]:[#6](:[#6]:[#6]:[#6]:1)-[#6]-[#6]
178 	[#6](-[#6]:1:[#6]:[#6]:[#6]:[#6]:[#6]:1)-[#7]-[#6](-[#6])=[#8]
178 	[#6]-[#7]-[#6]-[#6](-[#6])(-[#6])-[#6]
180 	[#6]-[#6]-[#6]-[#7]-[#6]-[#6]-[#6]-[#7]
180 	[#6](-[#8]-[#6](-[#6]:[#6]:[#6]:[#6])=[#8])-[#6]-[#6]
181 	[#6]-[#6]-[#6]-[#7]-[#6](-[#6]:[#6]:[#6]:[#6])=[#8]
181 	[#6]-[#8]-[#6]:1:[#6]:[#6]:[#6]:[#6](:[#6]:1)-[#8]-[#6]
181 	[#6]-[#8]-[#6]-[#6]-[#6]-[#6]-[#6](-[#6]-[#8])-[#6]
182 	[#6]-[#6](-[#6]-[#7]-[#6](-[#6])=[#8])-[#6]
182 	[#6]:[#6]:[#6]:[#6]:[#6]-[#6](-[#6]-[#6])-[#7]
183 	[CX3H1](=[OX1])[#6]
183 	[#6]-[#7](-[#6](-[#6])-[#6](-[#6])-[#6])-[#6]
184 	[#6]-[#6](-[#7]-[#6]-[#6](:[#6]):[#6]:[#6]:[#6]:[#6])=[#8]
185 	[#6](-[#6]-[#6]-[#7](-[#6])-[#6]-[#6]-[#8])-[#6]
185 	[#6]-[#6](:[#6]:1:[#6]:[#6]:[#6]:[#6]:[#6]:1:[#7]):[#6]
186 	[#6]:[#6]:[#6]-[#7]-[#6]-[#6]:1:[#6]:[#6]:[#6]:[#6]:[#6]:1
187 	[#6](-[#6]:[#7]:[#6]:[#6]:[#6]:[#6])-[#6]
188 	[#6](-[#6](-[#6])-[#6]-[#6](-[#7])-[#6])-[#6]
188 	[#6][OX2][CX3](=[OX1])[NX3]([#6])([#6])
188 	[#6]-[#6]:[#7]:[#6]:1:[#6]:[#6]:[#6]:[#6]:[#6]:1:[#6]
188 	[#6]-[#6]:1:[#6]:[#6]:[#6]:[#7]:1
189 	[#6]-[#6]-[#6]-[#6](-[#7]-[#6]-[#6]-[#8])=[#8]
189 	[#6]-[#6](-[#6]-[#8]-[#6])-[#6]-[#6]-[#8]-[#6]
189 	[#6]-[#6]-[#6]-[#6]-[#6]-1-[#6]=[#6]-[#6]-[#6]-[#6]-1
189 	[#6]-[#6]-[#16]-[#6]:1:[#6]:[#6]:[#6]:[#6]:[#6]:1
191 	[#6]-[#6]:[#6]:[#6]:[#6]:[#8]
191 	[#6]-[#7](-[#6]-[#6]-[#7](-[#6]-[#6])-[#6])-[#6]
192 	[#8]-[#6]-[#6]:[#6]:[#6]:[#6]-[#6]
193 	[#7]-[#6]:[#6]:[#6]:[#6]-[#7]
193 	[#6]:[#7](-[#6]):[#6]:1:[#6]:[#6]:[#6]:[#6]:[#6]:1
193 	[#6]-[#6]-[#7](-[#6]-[#6](-[#8])=[#8])-[#6]
194 	[#6]-[#6]-[#7]:[#6]:[#6]:[#7]
195 	[#6](-[#6](-[#6])-[#8]-[#6])-[#6]-[#6]-[#8]-[#6](-[#6])=[#8]
195 	[#6]-[#6]-[#6](-[#6])-[#8]-[#6](-[#6]-[#6])=[#8]
195 	[#6]-1-[#6]-[#6]-[#6]-[#6]:[#6]-1:[#6]
196 	[#6]=[#6](-[#6]-[#6]-[#6]-[#6]-[#6]-[#6]-[#6]-[#6](-[#6])-[#6]-[#6])-[#6]
197 	[#6]-[#6]-[#6](-[#7](-[#6]-[#6])-[#6]-[#6])=[#8]
197 	[#6]-[#16]-[#6](-[#6]-[#6])-[#6]
200 	[#6]:[#6]:[#6](-[#6]):[#7]-[#6]
200 	[#6]-[#7](-[#6]-[#6]-[#8]-[#6]-[#6])-[#6]-[#6]
202 	c1cccs1
202 	[#8]=[#6]-[#6](:[#6]:[#6](-[#6]):[#6]):[#6]
203 	[#6](-[#8]-[#6])-[#6]-[#6]-[#7](-[#6])-[#6]
204 	[#6]-[#6](-[#6](-[#8]-[#6])-[#6])(-[#6])-[#6]
206 	[#6](-[#6](-[#8])=[#8])-[#6]-[#6]:1:[#6]:[#6]:[#6]:[#6]:[#6]:1
209 	[#6]-[#6](-[Si](-[#8])(-[#6])-[#6])(-[#6])-[#6]
209 	[#6](-[#7]-[#6](-[#6]-[#6])-[#6]-[#6]-[#6])=[#8]
210 	[#8]-[#6]:1:[#6]:[#6]:[#6]:[#6]:[#6]:1-[#6]=[#8]
211 	[#6]-[#6]-[#6]-[#6](-[#6])-[#6]-[#6]-[#6]-[#6]-[#6]-[#6]-[#6]-[#6]-[#6]-[#6](-[#6]-[#6])-[#6]
211 	[#6]-[#6]-[#7]-[#6](-[#6](-[#6])-[#8])-[#6]
212 	[#6]:1:[#6]:[#6]:[#6]:2:[#7]:[#6]:[#6]:[#6]:[#6]:2:[#6]:1
214 	[#8]=[#6]-[#6]-[#6]-[#6]-[#6]:[#6]:[#6]
215 	[#6]-[#6](-[#6](-[#6]-[#6](-[#8])-[#6])-[#6]-[#6])(-[#6])-[#6]
216 	[#6]-[#6](-[#6]-[#6](:[#6]:[#6]:[#6]:[#6]):[#6])-[#7]-[#6]=[#8]
217 	[#6]-[#6](-[#6](-[#6](-[#6])-[#6]-[#6]-[#6])-[#6])=[#8]
217 	[#6]-[#6](-[#6](-[#6]-[#6]-[#8]-[#6])-[#6])(-[#6])-[#6]
218 	[#8]-[#6]-[#6](-[#6](-[#6]-[#6](-[#6])-[#6])-[#6])-[#6]-[#6]-[#6]
218 	[#6]-[#6]-[#6]-[#6]-[#6]-[#6](-[#6]-[#6]-[#6])=[#6]-[#6]
219 	[#6](-[#6]-[#8]-[#6]:1:[#6]:[#6]:[#6]:[#6]:[#6]:1)-[#6]-[#6]
219 	[#6](-[#6])-[#6]#[#7]
219 	[#6](-[#6]-[#8])-[#6]-[#6]-[#6]-[#6]-[#8]-[#6](-[#6])=[#8]
220 	[#6]-1(-[#6]-[#6]-[#6](-[#6](-[#6]-1-[#6]-[#6])-[#6]-[#6]-[#6])-[#6](-[#6])-[#6])-[#6]
220 	[#8]=[#6](-[#6]-[#6]-[#6](:[#6]:[#6]:[#6]:[#6]):[#6])-[#8]
220 	[#8]=[#6]-[#6]-[#6]-[#6]-[#6]=[#8]
221 	[#6]-[#6](-[#6](-[#6])-[#6]=[#8])-[#8]
222 	[#6]-[#6](:[#6]:[#6]:[#7]):[#7]
223 	[#6]-[#7]-[#6]-[#6]-[#6]-[#7]-[#6]-[#6]
223 	[#6]-[#6](-[#6](-[#6]-[#6]-[#6]-[#6])-[#6]-[#6])=[#8]
224 	[#6](:[#6])-[#7]-[#6]-[#6]:[#6]:[#6]:[#6]
226 	[#6]-[#6]:1:[#6]:[#6]:[#6](:[#6]:[#6]:1)-[#16]
227 	[#6]-[#6]-[#6]-[#8]-[#6](-[#8])(-[#6])-[#6]
228 	[#6]-[#6]-[#6]-[#6]-[#6]-[#6]=[#6](-[#6]-[#6]-[#6])-[#6]
229 	[#6]-[#6]-[#6](-[#7]-[#6]=[#8])-[#6]-[#8]-[#6]
229 	[#6]:[#6](-[#6]:1:[#6]:[#6]:[#6]:[#6]:[#6]:1):[#7]
229 	[#6]-[#6]-[#6](:[#6]:[#7]):[#6]:[#6]:[#6]
230 	[#6]-[#6](:[#6]:[#6]-[#6]):[#7]
230 	[#6]=[#6]-[#6](-[#6](-[#6](-[#6])-[#6])-[#6]-[#6])-[#6]-[#6]
231 	[#7]-[#6]-[#6](:[#6]-[#6]):[#6]:[#6]:[#6]
232 	[#6]-[#6]-[#6](:[#6]:1:[#6]:[#6]:[#6]:[#6]:[#6]:1):[#6]
233 	[#6]:[#6]:[#6]:[#6]:[#6]:[#6]:[#6](:[#6]:[#6])-[#8]
233 	[#6]-[#6]:[#6]:[#7]:[#6]:1:[#6]:[#6]:[#6]:[#6]:[#6]:1
233 	[#6]-[#6](-[#6]-[#6]-[#6](-[#6]-[#6]-[#6]-[#6])-[#6])=[#8]
234 	[#6](-[#6]-[#6](-[#7](-[#6])-[#6]-[#6])=[#8])-[#6]
237 	[CX2]#[CX2]
237 	[#6]-[#6]-[#6]-[#6]-[#6](-[#6]=[#8])-[#6]-[#6]-[#6]-[#6]-[#6]
239 	[#7]-[#6]-[#6]-[#6](-[#6]-[#6])-[#6]-[#6]
240 	[#6](-[#6](-[#7]-[#6]-[#6])-[#6]-[#6])-[#8]-[#6]
240 	[#6]-[#6]-[#6](-[#6])(-[#6]=[#8])-[#6]-[#6]
240 	[#6]-[#6](-[#6](-[#6]-[#6](-[#8]-[#6])-[#6])-[#6]-[#6])-[#6]
241 	[#6](-[#6]-[#6])-[#7]-[#6](-[#6]-[#6]-[#6]-[#6])=[#8]
241 	[#6](-[#6](-[#6])-[#6]-[#6]-[#6]:1:[#6]:[#6]:[#6]:[#6]:[#6]:1)-[#6]
242 	[#6]-[#6]-[#6]-[#6](-[#6]-[#6]-[#6])-[#6]-[#6]-[#6]=[#8]
243 	[#6]:1:[#6]:[#6](:[#6]:[#6]:[#6]:1)-[#6](-[#7]-[#6]-[#6])=[#8]
244 	[Cl]-[#6]:1:[#6]:[#6]:[#6](:[#6]:[#6]:1)-[#6]
246 	[#6](-[#6](-[#8])-[#6])-[#6]-[#8]-[#6]-[#6]:1:[#6]:[#6]:[#6]:[#6]:[#6]:1
247 	[#7]-[#6](-[#6](-[#6])-[#6])-[#6]-[#6]
248 	[#6](-[#6]-[#6])=[#6]-[#6]:1:[#6]:[#6]:[#6]:[#6]:[#6]:1
248 	[#6]-[#6](-[#6]-[#6]=[#6]-[#6])(-[#6])-[#6]
248 	[#6]-[#6]-[#6](=[#6])-[#6]=[#8]
250 	[#6]-[#6](-[#8]-[#6](-[#6](-[#6])-[#6])-[#6])=[#8]
253 	[#6]-[#8]-[#6](-[#6]-[#6]-[#6](-[#6]-[#6])-[#6]-[#6])-[#6]
254 	[#6](-[#6](-[#6](-[#6]-[#6]-[#6])-[#6]-[#6](-[#6])-[#6])-[#6]-[#6])(-[#6]-[#6])-[#6]
255 	[#6]-[#6](-[#6]-[#6])=[#7]
255 	[#6]-[#6](-[#7]-[#6])-[#6]:1:[#6]:[#6]:[#6]:[#6]:[#6]:1
255 	[#6]:1:[#6]:[#6]:[#6](-[#6](-[#6]-[#6])-[#6]-[#6]-[#6]):[#6]:[#6]:1
257 	[#6]-[#6]-[#6]-[#6]-[#6](-[#6]-[#6]-[#6])-[#6](-[#6])-[#6]-[#6]-[#6]-[#6](-[#6])(-[#6])-[#6]-[#6]-[#6]
257 	[#6]-[#6]-[#7](-[#6]-[#6]-[#6](-[#6])-[#6])-[#6]
257 	[#6]-[#6](-[#7]-[#6]-[#6])-[#6]-[#6]:1:[#6]:[#6]:[#6]:[#6]:[#6]:1
265 	[#6]-[#6](-[#6]-[#6]-[#6]-[#6]-[#6](-[#6])-[#8]-[#6]-[#6])-[#6]
265 	[#6](-[#6]-[#6]-[#7](-[#6])-[#6]-[#6])-[#8]
266 	[#6](-[#6](-[#6](:[#6]):[#6]:[#6]:[#6])-[#6]-[#6]-[#6])-[#6]
266 	[#6]-[#6](:[#6]:[#6]:1:[#6]:[#6]:[#6]:[#6]:[#6]:1):[#6]
268 	[#6](-[#6]-[#6]:1:[#6]:[#6]:[#6]:[#6](-[#8]-[#6]):[#6]:1)-[#6]
270 	[#6](:[#6]:[#6](-[#6]:1:[#6]:[#6]:[#6]:[#6]:[#6]:1):[#6]:[#6]):[#6]
273 	[#6]-[#6]-[#6]-[#6]-[#6]-[#7](-[#6]-[#6])-[#6]-[#6]
274 	[#6]-[#6]-[#6]-[#7](-[#6]-[#6]:1:[#6]:[#6]:[#6]:[#6]:[#6]:1)-[#6]
276 	[#6]-[#6]:1:[#6]:[#6]:[#6]:[#6]:[#6]:1-[#8]-[#6]-[#6]
277 	[#7]-[#6]-[#6]-[#6]-[#7]-[#6]-[#6]
277 	[#6]-[#8]-[#6]-[#6]-[#8]-[#6]-[#6]-[#8]-[#6]
279 	[#7]-[#6]-[#8]-[#6]-[#6]-[#6]
282 	[#6]-[#8]-[#6]:[#6]:[#6]:[#6]:[#6]-[#6]-[#6]-[#6]
282 	[#6]-[#6]-[#6]=[#6]-[#6]:[#6]:[#6]:[#6]
284 	[#6]-[#6]-[#8]-[#6](-[#6](:[#6]:[#6]):[#6])=[#8]
284 	[#6]-[#6]:[#7]:[#6]:1:[#6]:[#6]:[#6]:[#6]:[#6]:1
285 	[#7](:[#6](-[#7]):[#6]):[#6]
286 	[#6]=[#6]-[#6]-[#6]:1:[#6]:[#6]:[#6]:[#6]:[#6]:1
286 	[#6]-[#6]-[#6]-[#6]-[#6]-[#6]-[#6]-[#6]:1:[#6]:[#6]:[#6]:[#6]:[#6]:1
288 	[#6]:[#6]:[#6]:[#6]:[#6]:1:[#6]:[#6](:[#6]:[#6]:[#6]:1)-[#6]
288 	[#7](-[#6]-[#6])-[#6]-[#6]-[#7]-[#6](-[#6])=[#8]
288 	[#6]-[#6]-[#6]-[#6]-[#7]-[#6]-[#6]-[#7]-[#6]
290 	[#6]-[#6]:[#6]:[#6]:[#6]:1:[#6]:[#6]:[#6]:[#6]:[#6]:1
291 	[#6](-[#6](-[#8])-[#6]=[#6]-[#6])-[#6]
292 	[#6]-[#6]-[#6]-[#6]-[#6]-[#6](=[#8])-[#6]-[#6]
293 	[#6](-[#7]-[#6](-[#6])-[#6]-[#6]-[#6]-[#6])=[#8]
294 	[#6]-[#6]-[#8]-[#6](-[#7]-[#6]-[#6]-[#6])=[#8]
294 	[#7](:[#6]-[#6]-[#6]):[#6]:[#6]
296 	[#6](-[#7]-[#6]-[#6]-[#6](:[#6]:[#6]:[#6]:[#6]):[#6])=[#8]
296 	[#6]-[#6]-[#6]-[#6]-[#6]-[#6]-[#6]-[#6](:[#6]):[#6]:[#6]:[#6]
296 	[#6](-[#6]-[#7]-[#6]-[#6]-[#6])-[#6]:1:[#6]:[#6]:[#6]:[#6]:[#6]:1
297 	[#6]-[#6](-[#6])-[#7]-[#6](-[#6]-[#6]-[#6])=[#8]
298 	[#6]:1:[#6]:[#6]:[#6]:[#6](:[#6]:1)-[F]
298 	[#6]:1:[#6]:[#6]:[#6](:[#6]:[#6]:1-[#6])-[#7]
298 	[#6]-[#8]-[#6]-[#6]-[#6]-[#6]-[#6]=[#8]
298 	[#6]-[#6](-[#7]-[#6]-[#6]-[#8]-[#6])=[#8]
298 	[#6][OX2][CX3](=[OX1])[NX3H1][#6]
301 	[#6](-[#6]:1:[#6]:[#6]:[#6]:[#6]:[#6]:1)-[#7]-[#6]=[#8]
301 	[#6]:[#6]:[#6](-[#6]:1:[#6]:[#6]:[#6]:[#6]:[#6]:1):[#6]:[#6]
301 	[#6]-[#8]-[#6](-[#6]-[#6](-[#6]-[#6])-[#6]-[#6])-[#6]
302 	[#6]-[#6]-[#6]-[#6]-[#6]-[#6]-[#6]-[#6]-[#6]-[#6]-[#6]-[#6]-[#6]-[#6]-[#6]-[#6]-[#6]-[#6]
302 	[#7]=[#6]-[#6]:1:[#6]:[#6]:[#6]:[#6]:[#6]:1
303 	[#6]-[#6]-[#7]-[#6](-[#6]:[#6]:[#6]:[#6])=[#8]
303 	[#6](-[#6]-[#6](-[#6])(-[#6])-[#6])=[#8]
307 	[#6]-[#6](-[#6]-[#6]-[#8]-[#6]=[#8])-[#6]
308 	[#6](-[#7]-[#6]-[#6](:[#6]:[#6]:[#6]:[#6]):[#6])=[#8]
309 	[#6](-[#8])-[#6]-[#6]-[#7](-[#6])-[#6]
310 	[#6]-[#6]-[#6]-[#6]-[#6](-[#6](-[#6])-[#6])-[#8]-[#6]
311 	[#6]-1-[#6]-[#6]-[#6](-[#6]-[#6]-1-[#6])-[#6](-[#6])(-[#6])-[#6]
311 	[#8]=[#6]-[#6]-[#6]-[#6]-[#6]-[#7]
313 	c1cncn1
313 	[#6]-[#6]:1:[#6]:[#6]:[#6]:[#7]:[#6]:1
313 	[#6]-[#6]-[#8]-[#6](-[#6]:[#6]:[#6]:[#6])=[#8]
315 	[CX3]=[CX3]-[CX3]=[CX3]
316 	[#6](-[#7]-[#6]-[#6]-[#6]-[#6]-[#6]-[#6])=[#8]
316 	[CX3]=[CX3][CX3](=[OX1])[OX2][#6]
318 	[#6]-[#6]-[#8]-[#6](-[#8]-[#6]-[#6])-[#6]-[#6]
319 	[#6]-[#6]-[#6](-[#6]:1:[#6]:[#6]:[#6]:[#6]:[#6]:1)-[#8]
319 	[#7]-[#6](-[#6])-[#6]-[#6](-[#6])-[#6]
319 	[#6](-[#6](-[#6](-[#6])-[#8])-[#6])-[#8]
319 	[#6]-[#8]-[#6]-[#6]-[#6]-[#6]-[#6]-[#6]-[#8]-[#6]
324 	[#6]-[#6]-[#6](-[#6]-[#6]-[#6]=[#6]-[#6]-[#6])-[#6]
325 	[#6]=[#6]-[#6](-[#6](-[#6]-[#6])-[#6]-[#6]-[#6])-[#6]
326 	[#6](-[#6]-[#6]:1:[#6]:[#6]:[#6](-[#8]-[#6]):[#6]:[#6]:1)-[#6]
327 	[#6](-[#6](-[#6])-[#6])-[#6]-[#6]-[#6](-[#6])-[#6](-[#6])(-[#6])-[#6]
327 	[#6]-[#6]-[#6]-1-[#6]-[#6]-[#6]-[#6](-[#6]-1)-[#8]
330 	[#6]-[#6]-[#6](-[#7](-[#6])-[#6]-[#6])=[#8]
331 	[#6]-[#6]-[#6]-[#6]-[#6](-[#7])-[#6]-[#6]
333 	[#6](-[#6](-[#6])-[#8])-[#6]-[#8]-[#6](-[#6])-[#6]
333 	[#6](-[#7]-[#6]-[#6](-[#8])=[#8])=[#8]
334 	[#6]-[#6]-[#6](-[#8])-[#6]-[#6](-[#6])-[#6]-[#6]-[#6]-[#6]-[#6]
336 	[#6]-[#6](-[#6]-1-[#6]-[#6]-[#6]-[#6]-1-[#6])-[#6]-[#6]
336 	[#6]-[#6]=[#6]-[#6]-[#6](-[#6]-[#6]-[#6])-[#6]-[#6]
336 	[#6]-[#16]-[#6]:1:[#6]:[#6]:[#6]:[#6]:[#6]:1
337 	[#6]-[#6](-[#6]-[#7]-[#6]-[#6]-[#6])-[#6]
338 	[#7]=[#6]-[#6]:[#6]:[#6]:[#6]
338 	[#6]-[#6]-[#6](-[#6]-[#6](-[#8]-[#6])-[#6]-[#6])-[#6]
339 	[#6]-[#8]-[#6]-[#6]-[#8]-[#6]-[#8]-[#6]
339 	[#7]-[#6](:[#6]:[#6]-[#6]):[#6]
340 	[#6]-[#7]-[#6](-[#6])-[#6]-[#6]:1:[#6]:[#6]:[#6]:[#6]:[#6]:1
340 	[#8]-[#6](-[#6]=[#6]-[#6])=[#8]
340 	[#6]-[#8]-[#6](-[#6]:1:[#6]:[#6]:[#6]:[#6]:[#6]:1)=[#8]
341 	[#6]-[#6](-[#6](-[#6]-[#6](-[#6])-[#6])-[#6])-[#6]-[#6](-[#6])-[#6]
341 	[#6]:1:[#6]:[#6]:[#6](:[#6]:[#6]:1)-[#6]-[#6]=[#8]
342 	[#6]-[#6](-[#6]-1-[#6]-[#6]-[#6]-[#6]-[#6]-1)(-[#6])-[#6]
345 	[#6]-[#7]-[#6](-[#6]:1:[#6]:[#6]:[#6]:[#6]:[#6]:1)=[#8]
351 	[#6]-[#6]-[#7](-[#6]-[#6])-[#6](-[#6])=[#8]
351 	[#6]-[#6]-[#6](-[#6](-[#6])-[#6])-[#6]-[#6]=[#8]
352 	[#6]-[#6]-[#7](-[#6]-[#6]-[#8]-[#6])-[#6]
355 	[#6]:[#6]:[#6]:[#6]:[#6]-[#6](-[#6])-[#7]
355 	[#6]-[#6]-[#8]-[#6]-[#6]-[#8]-[#6]-[#6]-[#8]
355 	[#6]:1:[#6]:[#6]:[#6]:[#6](:[#6]:1)-[#6]:[#6]:[#6]:[#6]:[#6]:[#6]
357 	[#6]:1:[#6]:[#6]:[#6](-[#6]-[#6]):[#6](-[#6]-[#6]):[#6]:1
357 	[#6](=[#6]-[#6]-[#6]-[#6]-[#6])-[#6]-[#6]-[#6]-[#6]-[#6]
358 	[#6]-[#6]:1:[#6]:[#6](:[#6]:[#6]:[#6]:1)-[#6]-[#6]
361 	[#6]:[#6]:[#6](-[#6]:1:[#6]:[#6]:[#6]:[#6]:[#6]:1):[#6]
363 	[#6]-[#7]-[#6](-[#6]-[#6](:[#6]:[#6]:[#6]:[#6]):[#6])-[#6]
363 	[#6]-[#6](-[#6])-[#8]-[#6]-[#6]:1:[#6]:[#6]:[#6]:[#6]:[#6]:1
366 	[#6]-[#6]-[#6](:[#6]:[#6]:[#6]:[#6]:[#6]:[#6]):[#6]
367 	[#6]-[#7]:[#6]:[#7]:[#6]:[#6]
367 	[#6]:1:[#6]:[#6]:[#6](:[#6]:[#6]:1)-[#6]:[#7]
367 	[#8]-[#6](-[#6]-[#6]-[#6](-[#6](-[#6])-[#6])-[#6]-[#6])-[#6]
372 	[#6]-[#6]-[#6]-[#6]-[#6](-[#6]-[#6]-[#6]-[#6])-[#6]-[#8]
372 	[#6][CX2]#[NX1]
376 	[#7]=[#6](-[#6])-[#6]
379 	[#6]-[#7](-[#6]-[#6])-[#6]:1:[#6]:[#6]:[#6]:[#6]:[#6]:1
381 	[#6]:[#6](:[#6]:[#6](:[#6]:[#6])-[#6]-[#6])-[#6]
382 	[#6]-[#6](-[#8]-[#6]-[#6]:[#6]:[#6]:[#6])-[#6]
383 	[#6]-[#6](-[#6]-[#8]-[#6])(-[#6])-[#6]
385 	[#7]:1:[#6]:[#6]:[#6]:[#6]:1
385 	[#6](-[#6]-[#6]-[#6]-[#6](-[#6](-[#6]-[#6])-[#6])(-[#6])-[#6]-[#6]-[#6])-[#6]
386 	[#6]-1-[#8]-[#6](-[#6]-[#6]-1)-[#6]
386 	c1cccn1
388 	[#6]:[#6]:[#6](-[#6]:[#6]:[#6]:[#6]:[#6]:[#6]):[#6]:[#6]
388 	[#7]:[#6]-[#6](:[#6]):[#6]:[#6]:[#6]
392 	[#6]-[#8]-[#6](-[#6](-[#6]-[#6])-[#6])=[#8]
393 	[#6]-[#8]-[#6]-[#6]-[#8]-[#6]-[#6]-[#8]
393 	[#6]-[#8]-[#6]-[#6]-[#6]-[#6](-[#6](-[#6])-[#6])-[#6]
394 	[#6]:[#6](-[#6](-[#8]-[#6])=[#8]):[#6]:[#6]:[#6]
396 	[#6]-[#6]-[#6]-[#6](-[#6]=[#8])-[#6]-[#6]-[#6]
397 	[#6]-[#6](-[#6]-[#8])-[#6]-[#6]-[#8]
399 	[CX3]=[CX3][CX3](=[OX1])[#6]
404 	[#6](-[#6]-1-[#6]-[#6]-[#6]-[#6]-[#6]-1)-[#8]
404 	[#6]-[#6]-[#6]:[#6]:[#6](-[#6]):[#6]:[#6]
405 	[#7]-[#6]-[#6]-[#6]-[#6]-[#6]-[#6]-[#6]-[#6]
405 	[#6](=[#6])-[#6](-[#8])=[#8]
407 	[#6]-[#6]-[#6](-[#6]-[#7]-[#6]-[#6])-[#6]
407 	[#7]-[#6](-[#6])-[#6]-[#6]:1:[#6]:[#6]:[#6]:[#6]:[#6]:1
409 	[#6]-[#6]-1-[#6]-[#6]-[#6](-[#6])-[#6]-[#6]-1-[#6]-[#6]-[#6]
414 	[#6]-[#6]-[#7](:[#6]):[#6]:[#6]
415 	[#6]-[#6]-[#7]-[#6]-[#6]-[#8]-[#6]-[#6]
415 	[#6]-[#8]-[#6](-[#6](:[#6]:[#6]):[#6])=[#8]
415 	[#6]-[#6]-[#6]-[#6]-[#6]-[#6]-1-[#6]-[#6]-[#6]-[#6]-[#6]-1-[#6]
420 	[#6]-[#6](-[#6])-[#6]-[#6]-[#6]-[#6]-[#8]-[#6]-[#6]
422 	[#6]:[#6]:[#6](:[#6])-[#7]-[#6](-[#6])=[#8]
422 	[#6]-[#6](-[#6]:1:[#6]:[#6]:[#6]:[#6]:[#6]:1)-[#6]-[#6]-[#6]
424 	[#6]:1:[#6]:[#6]:[#6]:[#6](-[#6]):[#6]:1-[#6]-[#6]-[#6]
428 	[#6]:[#6]:[#6](-[#6]:[#6]:[#6]:[#6]:[#6]:[#6]):[#6]
430 	[#6]-[#6](:[#6]:[#6](:[#6]:[#6]:[#6]):[#6]:[#6]):[#6]
430 	[#8]-[#6](-[#6]:1:[#6]:[#6]:[#6]:[#6]:[#6]:1)=[#8]
430 	[#6]-[#6]-[#6](-[#6]-[#6])(-[#8])-[#6]
431 	[#6]-[#6]-[#6]-[#6]-[#6](-[#8]-[#6](-[#6])=[#8])-[#6]
431 	[#6]-[#6]-[#6]-[#7]-[#6]-[#6]:1:[#6]:[#6]:[#6]:[#6]:[#6]:1
432 	[#6]:[#6]:[#6]:[#6]-[#7](-[#6]-[#6])-[#6]
432 	[#6]-[#6](:[#6]):[#6]:[#6]:[#6]:[#7]
435 	[#6](-[#6](-[#6](:[#6]:[#6]:[#6]):[#6])-[#6])-[#6]-[#6]
435 	[#6]-[#7]-[#6](-[#6]-[#6]-[#6]-[#6])=[#8]
435 	[#6]-[#6]-[#8]-[#6]-[#7]-[#6]-[#6]
436 	[#6]=[#6](-[#6](-[#6])-[#6]-[#6]-[#6])-[#6]
437 	[#6]-[#6](-[#6]-[#6](:[#6]):[#6]:[#6]:[#6])-[#7]
437 	[#6]-[#6](-[#6](-[#6]-[#6])(-[#6])-[#6]-[#6])-[#6](-[#6])-[#6]
437 	[#6](:[#6]:1:[#6]:[#6]:[#6]:[#6]:[#6]:1:[#7]):[#6]
437 	[#6]=[#6]-[#6]-[#6](-[#6]-[#6]-[#6])-[#6]-[#6]
438 	[#6]:1:[#7]:[#6]:[#6]:[#6]:[#7]:1
439 	[#6](-[#6]-[#8])-[#8]-[#6](-[#6])-[#6]-[#8]
439 	[#6]-[#8]-[#6](-[#6](-[#6]-[#8])-[#8])-[#6]-[#8]
441 	n1cnccc1
442 	[#6]-[#6]-[#6]-[#6]-[#6]-[#6]=[#6]-[#6]-[#6]-[#6]
442 	[#6]-[#6]-[#6]-[#6]-[#7]-[#6]-[#6]-[#6]-[#6]
446 	[#6]-[#6]-[#6]-[#6]-[#6]-[#6]-[#6]-[#6]-[#6]-[#6]-[#6]-[#6]-[#6]-[#6]-[#6]-[#6]
447 	[#6]-[#8]-[#6](-[#6]:[#6]:[#6]:[#6])=[#8]
450 	[#6]-[#6]-[#8]-[#6](-[#8]-[#6]-[#6])-[#6]
453 	[#6]-[#6]=[#6]-[#6]-[#6](-[#6]-[#6]-[#6])-[#6]
455 	[#6]:[#6]:[#6]:[#6]:[#6](:[#7])-[#6]
455 	[#8]-[#6](-[#6])-[#6]=[#6]
458 	[#6]:1:[#6]:[#6]:[#6]:[#6](:[#6]:1)-[#6]:[#6]:[#6]:[#6]
464 	[#7]-[#6]:1:[#6]:[#6]:[#6]:[#6]:[#6]:1-[#6]
467 	[#6]-[#7](-[#6]:1:[#6]:[#6]:[#6]:[#6]:[#6]:1)-[#6]
468 	[#6]-[#6]:1:[#6]:[#6]:[#6](:[#6]:[#6]:1)-[#7]
469 	[#6]-[#6]-[#6](-[#6]-[#6]-[#6]-[#6]=[#8])-[#6]
470 	[#6]-[#6](-[#6](-[#7])-[#6])-[#6]
471 	[#6]:1:[#6]:[#6]:[#6]:[#6]:[#6]:1:[#6]:[#6]:[#6]:[#6]
473 	[#6]-[#6]-[#6]-[#6]-[#6]-[#6]-[#6]-[#6]-[#6]-[#6]-[#6]-[#8]-[#6]
474 	[#7](:[#6]:[#6]):[#6]:1:[#6]:[#6]:[#6]:[#6]:[#6]:1
474 	[#6]-[#8]-[#6](-[#6](-[#6])-[#6])=[#8]
476 	[#6]-[#6](-[#7]-[#6]-[#6]-[#8])=[#8]
477 	[#6]-[#6]-[#6]-[#6]-[#8]-[#6]-[#6]:1:[#6]:[#6]:[#6]:[#6]:[#6]:1
478 	[#6]=[#6](-[#6]-[#6])-[#6]-[#6]
479 	[#6]-[#6]-[#8]-[#6](-[#6](-[#6])-[#6])-[#6]
481 	[#7]:[#6]-[#6]-[#6]
481 	[#6]:1:[#6]:[#6]:[#6](:[#6]:[#6]:1)-[#6]-[#6]-[#7]-[#6]-[#6]
484 	[#6]:[#7]:[#6]:1:[#6]:[#6]:[#6]:[#6]:[#6]:1:[#6]
486 	[#7]-[#6]-[#6]-[#6]-[#6]-[#6]-[#8]
487 	[#6]:[#6]:[#6]:[#6]:[#6]:[#6]:[#6]:[#6](-[#6]):[#6]
489 	[#6]-[#6]-[#6]-[#6]-[#6]-[#6]-[#6]-[#6](-[#6]-[#8])-[#6]
489 	[#6]-[#6](-[#6](-[#6])-[#6]-[#6]-[#6]-[#6]-[#8])-[#6]
489 	[#6]-[#6](-[#6]:1:[#6]:[#6]:[#6]:[#6]:[#6]:1)=[#8]
491 	[#6]-[#8]-[#6]:1:[#6]:[#6]:[#6](:[#6]:[#6]:1)-[#6]-[#6]
492 	[#6]-[#6]-[#6](-[#6]-[#6]-[#6]-[#6])-[#6]=[#8]
493 	[#6](:[#6](-[#6]):[#6]-[#6]-[#6]-[#6]):[#6]:[#6]
493 	[#8]=[#6](-[#7])-[#6]-[#6]-[#6]-[#6]
494 	[#8]-[#6]-[#6]-[#6]-[#6](-[#6](-[#6])-[#6])-[#6]-[#6]
495 	[#6]:1:[#6]:[#6]:[#6](:[#6]:[#6]:1)-[#6]-[#6]-[#6]=[#8]
497 	[#7]-[#6](-[#6]:[#6]:[#6]:[#6])=[#8]
497 	[#8]-[#6]:[#6]:[#6]:[#6]:[#6]-[#6]-[#6]
501 	[#6]=[#6](-[#6](-[#6])-[#6]-[#6])-[#6]
508 	[#6]-[#6](-[#6](-[#6]-[#6]-[#6])-[#6])-[#6]-[#6](-[#6])-[#6]
511 	[#6](:[#6](-[#6](-[#8])=[#8]):[#6]):[#6]:[#6]
512 	[#6]-[#7]-[#6](-[#6]-[#8])-[#6]-[#6]
512 	[#8]=[#6](-[#6](-[#6]-[#6])-[#6])-[#8]
513 	[#6]-[#6]-[#6]-[#6]-[#6]-[#6](-[#6](-[#6])-[#6])-[#6]-[#6]-[#6]
516 	[#6]-[#6]-[#6]-[#6](-[#6]-[#6](-[#6])-[#6])-[#6](-[#6])-[#6]
516 	[#7]-[#6]-[#6]-[#6](-[#8])-[#6]
519 	[#6]-[#8]-[#6]:1:[#6](:[#6]:[#6]:[#6]:[#6]:1)-[#6]
520 	[#6]-[#6]-[#6]-[#6]-[#6]-[#6](-[#6](-[#6])-[#6]-[#6])-[#6]-[#6]
520 	[#6]-[#6]-[#6](-[#6]-[#6]-[#8]-[#6]-[#6])-[#6]
521 	[#6]:1:[#6]:[#6]:[#6](:[#6]:[#6]:1)-[#7](-[#8])=[#8]
523 	[#6]-[#6]-[#6]-[#7]-[#6]-[#6]:[#6]:[#6]:[#6]
523 	[#6]-[#6]-[#6]-[#8]-[#6](-[#8]-[#6])-[#6]
524 	[#6]-[#6](-[#6]:1:[#6]:[#6]:[#6]:[#6]:[#6]:1)-[#8]
526 	[#6](-[#6]=[#8])-[#6]-[#6](:[#6]:[#6]:[#6]:[#6]):[#6]
527 	[#6]:1:[#6]:[#6]:[#6]:[#6]:[#6]:1-[#7]-[#6]=[#8]
530 	[#6]-[#6](-[#6](:[#6]:[#6]):[#6]:[#6]:[#6])-[#8]
532 	[#6](-[#6])-[#6]-[#6](-[#6])(-[#6])-[#8]
535 	[#6](-[#6]-[#6]-[#6](-[#7]-[#6])-[#6])-[#6]
538 	[#6]-[#6]-[#6]-[#6]-[#7]-[#6](-[#6])=[#8]
538 	[#6]-[#7]-[#6]-[#6]-[#8]-[#6]-[#6]
538 	[#6]-[#6]-[#6]-[#6]-[#6]-[#6]-[#6]-[#6]-[#6]-[#6]-[#8]-[#6]
540 	[#6](-[#6]-[#6](-[#7]-[#6]-[#6])=[#8])-[#6]
541 	[#6]-[#6](-[#6](-[#8])-[#6]-[#6]-[#6]-[#6])-[#6]
542 	[#6]:1:[#6]:[#6](:[#6]:[#6]:[#6]:1)-[#6]-[#6]:1:[#6]:[#6]:[#6]:[#6]:[#6]:1
543 	[#6]-[#6](-[#6]-1-[#6]-[#6]-[#6]-[#6]-[#6]-1)-[#6]
544 	[#6]:[#6]:[#6]-[#6]:1:[#6]:[#6]:[#6]:[#6]:[#6]:1
549 	[BrX1][#6]
553 	[#6](:[#6](-[#7]-[#6]=[#8]):[#6]):[#6]
556 	[#6](-[#7]-[#6]-[#6]-[#6]-[#6]-[#6])=[#8]
557 	[#7]-[#6]-[#6](-[#8])=[#8]
560 	[#6]-[#6]-[#6](-[#6]-[#6](-[#8])-[#6]-[#6])-[#6]
562 	[#6]:[#6]-[#7](-[#8])=[#8]
564 	[#6]-[#6]-[#6]-[#6]-[#6]-[#6]-[#6]-[#6]-[#6]-[#6]-[#6]-[#6]-[#6]-[#6]
564 	[#6]-[#6](-[#6]-[#6]:[#6]:[#6]:[#6]:[#6])-[#6]
565 	[#6](-[#6]-[#8]-[#6])-[#6]-[#6]-[#8]-[#6]
569 	[#6](-[#6](-[#6])(-[#6])-[#6](-[#6]-[#6])-[#6]-[#6])-[#6]
569 	[#6]-[#6](:[#7]):[#6]:[#6]:[#6]
572 	[#6]-[#6]:[#7]:[#6]:[#6]:[#6]:[#6]
577 	[#6]-[#6]-[#6](-[#6]-[#7]-[#6])-[#6]
577 	[#6]-[#8]-[#6]-[#6]-[#6]-[#6]-[#6](-[#6])-[#6]
580 	[#6](-[#6](-[#8]-[#6]-[#6])=[#8])-[#6]-[#6]
580 	[#8]-[#6](-[#6]:[#6]:[#6]:[#6])=[#8]
583 	[#6](-[#6](:[#6]):[#6]:[#6]:[#6])-[#6](:[#6]):[#6]:[#6]:[#6]
584 	[#6]-[#6]-[#7]-[#6]-[#6](-[#6])-[#6]
585 	[#6](-[#6]-[#6])-[#6]-[#6]-[#8]-[#6](-[#6])=[#8]
585 	[#6](:[#6]:[#6]):[#7]:[#6]:[#7]
585 	[#6]-[#6]:1:[#6]:[#6]:[#6]:[#6](:[#6]:1)-[#8]-[#6]
585 	[#6]-[#6]-[#7](-[#6]-[#6]-[#8])-[#6]
587 	[#6]-[#6](:[#7]:[#6]:[#6]):[#6]
590 	[#6]-[#6]-[#6]-[#8]-[#6]-[#6]:1:[#6]:[#6]:[#6]:[#6]:[#6]:1
595 	[#6]:[#6]:[#6]:[#6](-[#6]-[#6]:[#6]:[#6]:[#6]:[#6]):[#6]:[#6]
596 	[#6]-[#6]-[#6]-[#6]-[#6]-[#7]-[#6]-[#6]-[#6]
598 	[#8]=[#6](-[#6](-[#6])-[#6])-[#8]
598 	[#6]-[#8]-[#6]-[#7]-[#6]
598 	[#6]-[#6](-[#6]-[#6]-[#7]-[#6])-[#6]
604 	[#6]-[#6]-[#6]-[#6]-[#6]-[#6]:1:[#6]:[#6]:[#6]:[#6]:[#6]:1
612 	[#6]-[#6](:[#7]:[#6]):[#6]:[#6]
614 	[#6](-[#8]-[#6]-[#6]:[#6]:[#6]:[#6])-[#6]-[#6]
617 	[#6]-[#8]-[#6](-[#6](-[#6])-[#6])-[#6]
618 	[#6]-[#6]-[#8]-[#6](-[#8]-[#6])-[#6]
623 	[#6]-[#6]-[#6](-[#8])-[#6](-[#6]-[#8])-[#8]
627 	[#6]-[#7](-[#8])=[#8]
627 	[#6]-[#7]-[#6]-[#6]-[#7]-[#6]-[#6]
633 	[#6]-[#7]-[#6]-[#6]-[#6]:1:[#6]:[#6]:[#6]:[#6]:[#6]:1
633 	[#6](-[#6](-[#6]-[#6])-[#6]-[#6]-[#6])=[#8]
634 	[#6]-[#6](-[#7](-[#6])-[#6]-[#6])=[#8]
637 	[#6]-[#6]-[#6]-[#6](-[#6](-[#6])-[#6])-[#6]-[#6]-[#6]
637 	[#7]-[#6](-[#6]-[#8])-[#6]-[#6]
640 	[#6](-[#6]:[#6]:[#6]:[#6])-[#6](:[#6]):[#6]:[#6]:[#6]
640 	[#6]-[#6](-[#6]-[#6]-[#6])-[#6]-[#6]-[#6](-[#6])-[#6]
641 	[#6]-[#6]-[#6]-[#6]-[#6]-[#6]-[#6]-[#6]-[#6]-[#6]-[#6]-[#8]
642 	[#6](-[#6]-[#6]-[#6]-[#6])-[#6]-[#6]-[#6]-[#6]-[#8]-[#6]
643 	[#6]:[#6]:[#6]:[#6](:[#6]:[#6]-[#6])-[#6]
643 	[#6]-[#6]:[#6]:[#6]:[#6]:[#7]
648 	[#6]:1:[#6]:[#6]:[#6](:[#6]:[#6]:1)-[#6]:[#6]
651 	[#6]-[#6](-[#8]-[#6](-[#6])=[#8])-[#6]-[#6]
653 	[#8]=[#6](-[#6])-[#6]-[#6]-[#6]-[#6]
654 	[#6](-[#6]:1:[#6]:[#6]:[#6](:[#6]:[#6]:1)-[#8])-[#6]
656 	[#6]:1:[#6]:[#6]:[#6](-[#6]):[#6](-[#6]-[#6]):[#6]:1
660 	[#6]:1:[#6]:[#6]:[#6](-[#6](-[#6])-[#6]-[#6]):[#6]:[#6]:1
662 	[#6]-[#6]-[#6](-[#6]-[#6]-[#6])(-[#6])-[#6]-[#6]
663 	[#6]:[#7]:[#6]:1:[#6]:[#6]:[#6]:[#6]:[#6]:1
664 	[#6]-[#6](-[#8]-[#6])(-[#6])-[#6]
665 	[#6]-[#6]:[#6]:[#6]:[#6]:[#6]-[#8]-[#6]
666 	[#6]=[#6](-[#6]-[#6]-[#6]-[#6])-[#6]
679 	[#6]-[#6]-[#6]-[#6](-[#6](-[#6])-[#6]-[#6]-[#6])-[#6]
681 	[#6]-[#6]-[#6](-[#6](:[#6]):[#6]:[#6]:[#6])-[#6]
682 	[#6]-[#6]-[#6]-[#6]-[#6](-[#6])-[#7]
684 	[#6]-[#6]-[#6]-[#6](-[#7]-[#6])=[#8]
684 	[#6](-[#6]:1:[#6]:[#6]:[#6]:[#6]:[#6]:1)-[#7]-[#6]-[#6]
686 	[#6]-[#8]-[#6](-[#6]-[#6]-[#6]-[#6])=[#8]
686 	[#6]-[#7]-[#6]-[#6]-[#6](:[#6]:[#6]:[#6]:[#6]):[#6]
687 	[#6]-[#6]-[#6](-[#6]-[#7])-[#6]
687 	[#6]-[#6](:[#6]:[#6]:[#6]:[#6]:[#6]:[#6]):[#6]
691 	[#6](-[#6]-[#6]-[#8])-[#6]-[#6]-[#6]-[#8]
694 	[#6](-[#6]-[#6])-[#6]-[#8]-[#6](-[#6])-[#6]
695 	[#16]-[#6]:1:[#6]:[#6]:[#6]:[#6]:[#6]:1
695 	[#6]-[#6](-[#6]-[#6]=[#6]-[#6])-[#6]
699 	[#6]-[#6]-[#7]-[#6]-[#6](:[#6]):[#6]:[#6]:[#6]:[#6]
699 	[#6]-[#6]-[#6]-[#6]-[#6](-[#6]-[#6](-[#6])-[#6])-[#6]
708 	[#6]-[#6]-[#8]-[#6]-[#8]-[#6]
709 	[#6]-[#6]:[#7]:[#6]:[#6]:[#6]
709 	[#6]-[#6]:[#6]:[#6]:[#6]:[#6]:[#6]-[#6]-[#6]
716 	[#6]-[#6](-[#6](-[#6]-[#6])-[#6]-[#6]-[#6])-[#6]-[#6]
720 	[#6][CX3](=[OX1])[NX3]([#6])([#6])
723 	[#7](:[#6]:[#6]):[#6]:[#7]
725 	[#6]-[#6]-[#6]-[#6]-[#6]-[#6]-[#6]-[#8]-[#6]-[#6]
727 	[OX2H1][CX3](=[OX1])[#6]
727 	[#6]:1:[#6]:[#6]:[#6](:[#6]:[#6]:1)-[Cl]
728 	[#6](-[#6](-[#6])-[#6])-[#6]-[#6]-[#6](-[#6])-[#6]-[#6]
730 	[#6]-[#6]-[#16]-[#6]
731 	[#6]-[#6]-[#6](-[#6]=[#8])-[#6]-[#6]
732 	[#6]-[#6]-[#6]-[#6]-[#6]-[#6](-[#6]-[#6]-[#6]-[#6])-[#6]
734 	[#6]=[#6]-[#6](-[#6])-[#6]-[#6]-[#6]
737 	[#6]-[#6]-[#6]-[#6](-[#6])(-[#6])-[#6]-[#6]-[#6]
738 	[#6]-[#6]-[#6]-[#6]-[#6]-[#6]-[#6]-[#6]-[#6]-[#6]-[#8]
740 	[#6][SX2][#6]
740 	[#6](:[#6]:[#6]:1:[#6]:[#6]:[#6]:[#6]:[#6]:1):[#6]
741 	[#6]-[#6]-[#6](-[#6]-[#6](-[#6])-[#6])-[#6]-[#6]
745 	[#6](-[#6]-[#6]-[#6](-[#6](-[#6])-[#6])-[#6]-[#6])-[#6]
747 	[#6](-[#7](-[#6]-[#6])-[#6]-[#6])-[#6]-[#6]
750 	[FX1][#6]
759 	[#6](-[#7])-[#6]-[#6]:1:[#6]:[#6]:[#6]:[#6]:[#6]:1
760 	[#6]-[#6]:1:[#6]:[#6]:[#6]:[#6]:[#6]:1-[#8]
763 	[#6]-[#6]:[#6]:[#6]:[#7]
763 	[#6]-[#6](-[#6])(-[#6](-[#6])-[#6])-[#6]
765 	[#8]=[#6](-[#6]-[#6])-[#8]-[#6]-[#6]
766 	[#6]-[#6]-[#6]=[#6](-[#6])-[#6]
766 	[#8]=[#6](-[#7])-[#6]-[#6]-[#6]
769 	[#6](-[#6]=[#8])-[#6]-[#6](-[#6])-[#6]
772 	[#6](-[#6]-[#6]-[#6]-[#6]-[#6]-[#6]-[#6]-[#6]-[#6]-[#6])-[#6]
773 	[#7]=[#6]-[#6]
782 	[#6]-[#6]-[#8]-[#6]-[#6]:1:[#6]:[#6]:[#6]:[#6]:[#6]:1
783 	[#6]-[#7]-[#6]-[#6]-[#6]-[#6]-[#6]-[#6]
787 	[#6]-[#6](:[#6]:[#6]):[#7]
793 	[#6]-[#6]-[#7]-[#6]-[#6]:[#6]:[#6]:[#6]
799 	[#6]-[#6](-[#8]-[#6](-[#6])=[#8])-[#6]
804 	[#6]-[#6]-[#6]-[#6]-[#8]-[#6]=[#8]
809 	[#6]:1:[#6]:[#6]:[#6]:[#7]:[#6]:1
810 	[#6]-[#7]-[#6]-[#6]-[#8]-[#6]
812 	n1ccccc1
817 	[#6](-[#7]-[#6](-[#6])-[#6]-[#6])=[#8]
819 	[#6](-[#7]-[#6]:1:[#6]:[#6]:[#6]:[#6]:[#6]:1)-[#6]
820 	[#6]:1:[#6]:[#6]:[#6]:[#6]:[#6]:1-[#8]-[#6]-[#6]
822 	[#6](-[#7])-[#6]-[#6](:[#6]:[#6]:[#6]:[#6]):[#6]
823 	[#6]-[#6]-[#6](-[#6]-[#6]=[#8])-[#6]
824 	[#7]-[#6]-[#6]-[#6](:[#6]:[#6]:[#6]):[#6]
825 	[#6]-[#6]-[#6]-[#6]-[#7]-[#6]=[#8]
825 	[#6]-[#6]-[#6](-[#6](-[#6]-[#6])-[#6]-[#6])-[#6]
833 	[#6]-[#6]-[#6]-[#7]-[#6]-[#6]-[#6]-[#6]
833 	[#6]-[#6]:[#7]:[#6]:[#6]
834 	[#6](-[#6]-[#6])-[#6](-[#6])=[#8]
838 	[#6]-[#7]-[#6]-[#6]-[#7]
842 	[#6](-[#6]-[#6]-[#7](-[#6])-[#6]-[#6])-[#6]
844 	[#6]-[#6]:1:[#6]:[#6]:[#6](:[#6]:[#6]:1)-[#8]-[#6]
854 	[#6]-[#6]:[#6]:[#6]:[#6]-[#6]
855 	[#6]-[#6]-[#8]-[#6]-[#6](:[#6]):[#6]:[#6]
855 	[#6][NX3H2]
859 	[#6]-[#6](-[#6]-[#6])=[#6]-[#6]
863 	[#6]:[#6]:[#6](:[#6])-[#7]-[#6]-[#6]
865 	[#6]-[#6]-[#6]-[#7]-[#6](-[#6])=[#8]
869 	[#6]-[#6](-[#8])-[#6]-[#6]-[#6]-[#8]
873 	[#6]-[#6](-[#6])-[#6]-[#6]-[#8]-[#6]
878 	[#6]-[#6](-[#6](-[#6]-[#6]-[#6])-[#6]-[#6])-[#6]
884 	[#6]:1:[#6]:[#6]:[#6]:[#6](-[#6]):[#6]:1-[#6]
888 	[#6]-[#6]-[#8]-[#6]-[#6]:[#6]:[#6]:[#6]
896 	[#6]-[#6]-[#6]-[#6]-[#6]-[#6]-[#6]-[#6]-[#6]-[#8]
899 	[#6]-[#6]:[#6]:[#6]-[#6]
918 	[#6]-[#6]-[#6](-[#6]-[#6]-[#6])(-[#6])-[#6]
920 	[#6](-[#6]=[#8])=[#6]
922 	[#6]:[#6]:[#6]:[#6]-[#7]-[#6]-[#6]
926 	[#6]-[#6]-[#6]-[#6]-[#6]-[#6]-[#6]-[#6]-[#6]-[#6]-[#6]
939 	[#6]-[#16]-[#6]
941 	[#6]-[#6]-[#7](-[#6]-[#6])-[#6]-[#6]
942 	[#6](-[#6]:1:[#6]:[#6]:[#6]:[#6]:[#6]:1)-[#7]-[#6]
958 	[#6](-[#6](-[#6])-[#6])-[#7]
959 	[#8]-[#6]-[#6]=[#6]
964 	[#8]-[#6](-[#6]-[#6]-[#6]-[#6])=[#8]
971 	[#6]-[#7]-[#6]-[#6](:[#6]:[#6]:[#6]:[#6]):[#6]
972 	[#8]=[#6](-[#6]-[#6]-[#6])-[#8]-[#6]
974 	[#6]-[#6]:[#6]:[#6]:[#6]:[#6]:[#6]-[#6]
975 	[#6]-[#6](-[#6]-[#8]-[#6])-[#6]-[#6]
982 	[#7]-[#6]-[#6]-[#6]-[#6]-[#6]-[#6]
985 	[#6]-[#6]-[#6](-[#6]-[#6]-[#6]-[#6])-[#6]-[#6]
985 	[#7](-[#6]-[#6]-[#8])-[#6]-[#6]
989 	[#8]-[#7]
993 	[#6]-[#6]-[#6]-[#6]-[#7](-[#6])-[#6]
1003 	[#6]-[#6]-[#6](-[#6])(-[#6])-[#6]-[#6]
1003 	[#6](-[#6]-[#6])=[#6]-[#6]-[#6]
1006 	[#6]-[#6]-[#7]-[#6]-[#6]-[#6]-[#6]-[#6]
1008 	[#6](-[#6])-[#6](-[#6])=[#8]
1012 	[#6](-[#6]-[#6](-[#6])-[#6])=[#8]
1014 	[#6]-[#8]-[#6](-[#6]-[#6]-[#6]-[#6])-[#6]
1018 	[#6]-[#6]-1-[#6]-[#6]-[#6]-[#6]-[#6]-1
1018 	[#6]-[#6]-[#6]-[#7]-[#6]-[#6]-[#6]
1021 	[#6]-[#6]-[#6]-[#6]-[#6]-[#6]-[#6]-[#8]-[#6]
1026 	[#6]-[#6]-[#6](-[#7]-[#6]-[#6])-[#6]
1032 	[#6]-[#6]-[#6]-[#8]-[#6](-[#6])-[#6]
1033 	[#6]=[#6]-[#6]-[#6]-[#6]-[#6]-[#6]
1034 	[#6]-[#6]-[#6]-[#6]-[#6]:1:[#6]:[#6]:[#6]:[#6]:[#6]:1
1043 	[#6]-[#6]-[#6]-[#6]-[#6]-[#6]-[#6]=[#8]
1044 	[#6][CX3](=[OX1])[NX3H1][#6]
1054 	[#6]-[#6]-[#6](=[#6])-[#6]
1064 	[#6](-[#6](-[#6])-[#6])-[#6]-[#6]-[#8]
1069 	[#6]-[#6](-[#6](-[#6])-[#6])-[#8]
1069 	[#8]=[#6](-[#7])-[#6]-[#6]
1073 	[#6]-[#6](-[#8]-[#6]=[#8])-[#6]
1082 	[#6]-[#6](-[#8])(-[#6])-[#6]
1092 	[#6](:[#6](-[#6]-[#6]-[#6]-[#6]):[#6]):[#6]:[#6]
1112 	[#8]=[#6]-[#6](-[#6]-[#6])-[#6]
1116 	[#6]-[#6]-[#6]-[#6]-[#6]-[#6]-[#6](-[#6])-[#6]
1133 	[#6]-[#6]-[#6]-[#6]-[#6]-[#6]-[#6]-[#6]-[#6]-[#6]
1137 	[#6](-[#6](:[#6]):[#6])-[#6]-[#6]-[#6]
1157 	[#6](-[#8]-[#6])-[#6]:1:[#6]:[#6]:[#6]:[#6]:[#6]:1
1161 	[#8]-[#6]-[#6]-[#6]-[#6]-[#6]-[#6]-[#6]-[#6]
1172 	[#6]:1:[#6]:[#6]:[#6]:[#6]:[#6]:1-[#7]-[#6]
1172 	[#7]-[#6]-[#6]:1:[#6]:[#6]:[#6]:[#6]:[#6]:1
1192 	[#6]-[#7]-[#6](:[#6]:[#6]):[#6]:[#6]:[#6]
1204 	[#6]-[#6](-[#6]-[#8]-[#6])-[#6]
1218 	[#6]-[#6]-[#6](-[#6]-[#6])-[#6]-[#6]-[#6]
1223 	[#6]-[Cl]
1223 	[ClX1][#6]
1227 	[#6]:[#6](-[#6]-[#8]-[#6]):[#6]:[#6]:[#6]
1234 	[#6]-[#6]-[#6](-[#6])(-[#6])-[#6]
1246 	[#6](-[#6]-[#7]-[#6]=[#8])-[#6]
1261 	[#6]-[#6](-[#7]-[#6]-[#6])=[#8]
1266 	[#6](:[#6]):[#6]:[#6]:[#6]-[#6]-[#7]
1294 	[#6]-[#8]-[#6]-[#6]:[#6]:[#6]:[#6]
1295 	[#6]:[#6]:[#6]:[#6]-[#7]-[#6]
1301 	[#6](-[#6]:1:[#6]:[#6]:[#6]:[#6]:[#6]:1)=[#8]
1309 	[#6](:[#7]:[#6]):[#6]:[#6]:[#6]
1314 	[#8]=[#6]-[#6](-[#6])-[#6]
1316 	[#6]-[#6]-[#6](-[#6]-[#6])-[#6]-[#6]
1318 	[#6]-[#6](-[#6](-[#6])-[#6])-[#6]
1324 	[#6]-[#6]-[#6]-[#6](-[#6])-[#6]-[#6]-[#6]
1328 	[#6]-[#6](-[#6]-[#6]-[#8])-[#6]
1329 	[#6](-[#6]-[#6]=[#6]-[#6])-[#6]
1333 	[#6]=[#6]-[#6]-[#6]-[#6]-[#6]
1350 	[#7]-[#6]-[#6]:[#6]:[#6]:[#6]
1354 	[#6]-[#6](=[#8])-[#6]
1354 	[#6][CX3](=[OX1])[#6]
1356 	[#8]=[#6](-[#6]-[#6]-[#6])-[#8]
1370 	[#6](-[#6]-[#6]-[#6]-[#7]-[#6])-[#6]
1377 	[#6]-[#6](-[#8]-[#6]-[#6])-[#6]-[#6]
1380 	[#6](-[#6]-[#6]-[#6]-[#6]-[#6])=[#8]
1403 	[#6]-[#6]-[#6]-[#6]-[#6]-[#6](-[#6])-[#6]
1435 	[#6]-[#6](-[#6])(-[#6])-[#6]
1450 	[#6]-[#6]-[#6]-[#6]-[#6]-[#6]-[#6]-[#6]-[#6]
1450 	[#6]-[#6]-[#6]-[#6]-[#7]-[#6]-[#6]
1456 	[#6]-[#7](-[#6]-[#6]-[#6])-[#6]
1456 	[#6](-[#6](-[#6]-[#6])-[#6])-[#8]
1458 	[#6]-[#6]-[#6]-[#6]-[#6]-[#6]-[#6]-[#8]
1496 	[#7]:[#6]:[#6]:[#6]:[#6]
1513 	[#6](-[#8])-[#6]:1:[#6]:[#6]:[#6]:[#6]:[#6]:1
1514 	[#7]-[#6]-[#6]-[#8]
1514 	[#6]-[#6]-[#6](-[#6]-[#6]-[#6]-[#6])-[#6]
1533 	[#6]-[#8]-[#6]-[#6]-[#6]-[#6]-[#6]-[#6]
1535 	[#6](:[#6](-[#6]-[#8]):[#6]:[#6]):[#6]:[#6]
1607 	[#6](=[#8])-[#6]:[#6]:[#6]:[#6]
1616 	[#6]-[#6](-[#8]-[#6]-[#6])=[#8]
1648 	[#6](-[#6])-[#6]=[#6]-[#6]
1687 	[#6]-[#6](-[#7])-[#6]-[#6]
1689 	[#6]-[#7](-[#6]-[#6])-[#6]-[#6]
1699 	[#6]-[#6](-[#8]-[#6]-[#6])-[#6]
1733 	[#7](:[#6]):[#6]:[#6]:[#6]
1752 	[#7]-[#6]-[#6]-[#6]-[#6]-[#6]
1760 	[#6]-[#6](-[#8]-[#6])-[#6]-[#6]
1779 	[#6]:1:[#6]:[#6]:[#6](:[#6]:[#6]:1)-[#8]-[#6]
1823 	[#6]-[#8]-[#6]:[#6]:[#6]:[#6]:[#6]
1838 	[#6]:1:[#6]:[#6]:[#6](:[#6]:[#6]:1)-[#6]-[#6]-[#6]
1869 	[#6](-[#6]-[#6])-[#6]-[#8]-[#6]-[#6]
1876 	[#6](-[#6]-[#6])-[#6]-[#6]-[#6]-[#6]-[#6]
1908 	[#6](-[#6])-[#6]-[#6](:[#6]:[#6]:[#6]:[#6]):[#6]
1910 	[#8]=[#6](-[#7])-[#6]
1926 	[#6]-[#6]-[#6]-[#6]-[#6](-[#6])-[#6]
1928 	[#6](-[#6]=[#8])-[#6]-[#6]-[#6]
1946 	[#6](-[#6])-[#6]-[#6](:[#6]:[#6]:[#6]):[#6]
1963 	[#6]-[#6]-[#6]-[#6]-[#7]-[#6]
1975 	[#7](:[#6]):[#6]:[#6]
1977 	[#6]-[#6](-[#6]-[#6])-[#6]-[#6]-[#6]
1979 	[#6]-[#6]-[#6]-[#6]:[#6]:[#6]:[#6]:[#6]
1985 	[#6]-[#6]-[#7](-[#6])-[#6]
1987 	[#6]-[#8]-[#6]-[#6]-[#6]-[#6]-[#6]
2005 	[#6]-[#6]-[#8]-[#6]=[#8]
2033 	[#6](-[#6])-[#6]-[#6](:[#6]):[#6]
2054 	[NX3]([#6])([#6])[#6]
2059 	[#6]=[#6]-[#6]-[#6]
2070 	[#6]:1:[#6]:[#6]:[#6]:[#6]:[#6]:1-[#7]
2073 	[#6]-[#6]-[#7]-[#6]-[#6]-[#6]
2093 	[#6]:[#6]:[#6]:[#6](:[#6]:[#6])-[#7]
2121 	[#6]-[#7](-[#6])-[#6]
2142 	[#8]-[#6]-[#6]-[#6]-[#6]-[#6]-[#6]
2153 	[#6]:[#6]:[#6](:[#6])-[#7]
2182 	[#6](-[#6](-[#6])-[#8])-[#6]-[#6]
2205 	[#6]-[#7]-[#6]=[#8]
2210 	[#6][NX3H1][#6]
2231 	[#6]-[#6](-[#8]-[#6])-[#6]
2247 	[#6]:[#6]:[#6]:[#6]-[#7]
2257 	[#8]-[#6]:1:[#6]:[#6]:[#6]:[#6]:[#6]:1
2279 	[#6][CX3](=[OX1])[OX2][#6]
2280 	[#6]-[#8]-[#6](-[#6])=[#8]
2291 	[#6]-[#6]-[#6]-[#8]-[#6]-[#6]
2337 	[#6]-[#6]-[#6](-[#6])-[#6]-[#6]
2400 	[#6]-[#6]-[#6]-[#6]-[#6]-[#6]-[#6]
2416 	[#6]:[#6]-[#7]
2417 	[#6](-[#6]-[#6]-[#7])-[#6]
2529 	[#6]-[#6]-[#6]-[#6](-[#6])-[#6]
2585 	[#6](-[#6]-[#6]-[#6])-[#8]-[#6]
2595 	[#6]-[#6](-[#6]-[#6])-[#8]
2600 	[#6]-[#6]-[#7]-[#6]-[#6]
2638 	[#6](-[#6]-[#6]=[#8])-[#6]
2672 	[#6]-[#8]-[#6]=[#8]
2688 	[#6][CX4H1]([#6])[#6]
2706 	[#6](=[#6])-[#6]
2725 	[#6]-[#7]-[#6]-[#6]-[#6]
2726 	[CX3]=[CX3]
2816 	[#6](-[#8]-[#6]-[#6])-[#6]
2816 	[#6](-[#6]-[#6])-[#6]-[#6]-[#8]
2844 	[#6][OX2H1]
2989 	[#8]-[#6](-[#6])=[#8]
3015 	[#6]-[#6]-[#6]:1:[#6]:[#6]:[#6]:[#6]:[#6]:1
3046 	[#6]:[#6]:[#6]:[#6](-[#6]-[#6]):[#6]:[#6]
3151 	[#6]-[#6]-[#6](:[#6]:[#6]:[#6]:[#6]):[#6]
3184 	[#6]-[#6](-[#6])-[#8]
3205 	[#6](-[#6](:[#6]):[#6]:[#6]:[#6])-[#6]
3233 	[#6]-[#8]-[#6]-[#6]-[#6]
3262 	[#6]-[#6](-[#6])-[#6]-[#6]
3315 	[#8]=[#6]-[#6]-[#6]
3350 	[#6](-[#6]-[#6])-[#7]
3493 	[#6](-[#6])-[#6]-[#6]-[#6]-[#6]
3582 	[#6](-[#6]-[#8])-[#6]-[#6]
3694 	[#6]-[#7]-[#6]-[#6]
4078 	[#6]-[#7]-[#6]
4157 	[#6][CX4]([#6])[#6]
4162 	[#6]-[#6](-[#6])-[#6]
4394 	[#6](-[#6]-[#6])-[#8]
4436 	[#6](-[#8]-[#6])-[#6]
4639 	[#6]-[#6]-[#7]
4834 	[#6](-[#6]-[#6])-[#6]-[#6]
5161 	[#6][OX2][#6]
5162 	[#6]-[#8]-[#6]
5211 	[#6][CX4H1][#6]
5331 	[#8]=[#6]-[#6]
5473 	[#6]:1:[#6]:[#6](:[#6]:[#6]:[#6]:1)-[#6]
5670 	[#6]-[#6](:[#6]:[#6]:[#6]:[#6]):[#6]
5689 	[CX3]=[OX1]
5717 	[#6][CX4H2][#6]
5778 	[#6]-[#6](:[#6]:[#6]:[#6]):[#6]
5800 	[#7]-[#6]
5852 	[#6]:[#6]:[#6]:[#6]:[#6]-[#6]
5944 	[#6](-[#8])-[#6]
6067 	[#6](:[#6]):[#6]:[#6]-[#6]
6182 	[#6]-[#6]-[#6]-[#6]
6223 	[#6]-[#6]:[#6]:[#6]
6384 	[#6][CX4H3]
6821 	c1ccccc1
6821 	[#6]:1:[#6]:[#6]:[#6]:[#6]:[#6]:1
6912 	[#6]-[#8]
7072 	[#6]:[#6]:[#6]:[#6]:[#6]
7252 	[#6]:[#6]:[#6]:[#6]
7776 	[CX4H3]
7778 	[CX4H2][#6]
7974 	[#6]-[#6]-[#6]
9502 	[CX4]
9712 	[#6]-[#6]
