1 	,group
1 	Bantu
1 	Cornwall
1 	aute
1 	bebetter
1 	bytheNo
1 	edtheTe
1 	erthanit
1 	gesma
1 	hin200
1 	icarea
1 	isedv
1 	lyabout
1 	nnameo
1 	peerage
1 	tables,
1 	thatthegr
1 	thequanti
1 	uresh
1 	usino
2 	,oil
2 	,theth
2 	Break
2 	Hir
2 	Mercedes
2 	Townshipa
2 	albenefits
2 	asedd
2 	canru
2 	cedco
2 	continueduntil
2 	edistricts
2 	emayhave
2 	entgene
2 	entmay
2 	f,and
2 	heproto
2 	ineM
2 	lFan
2 	materials.
2 	n,his
2 	nseg
2 	onesf
2 	portedf
2 	reelect
2 	ric"
2 	sharedby
2 	sustained
2 	tallb
2 	tobemade
2 	tsofH
2 	vedhe
3 	.7%hadsomeonelivingalonewhowas65yearsofageorolder.
3 	1995,
3 	addedth
3 	antle
3 	ctorsa
3 	cts,and
3 	dith
3 	e,butit
3 	ementst
3 	eofV
3 	erallyre
3 	foundations
3 	herfirst
3 	hus,i
3 	ilyto
3 	ndrop
3 	nofor
3 	sconve
3 	sdiss
3 	substantially
3 	thesecr
3 	try,and
3 	tunderthe
3 	turalf
3 	usstat
4 	Ason
4 	Natural
4 	Wyoming
4 	allpa
4 	andGu
4 	andnever
4 	anuel
4 	believethat
4 	committed
4 	ddisco
4 	dicates
4 	errors
4 	ertheS
4 	esandre
4 	esâ€
4 	featuresa
4 	ferro
4 	ingTe
4 	lsona
4 	mentsto
4 	nevery
4 	ofge
4 	olwo
4 	orref
4 	positionin
4 	reisthe
4 	roupe
4 	s,its
4 	thetrack
5 	.1%hadsomeonelivingalonewhowas65yearsofageorolder.
5 	10-
5 	Arnold
5 	allydis
5 	campaigns
5 	desand
5 	eagricultur
5 	esoundtrack
5 	ethatr
5 	extinct
5 	forT
5 	hemanu
5 	mically
5 	misde
5 	ntosu
5 	persquaremile(4
5 	project,
5 	radd
5 	resum
5 	rthera
5 	theglo
5 	tothesu
5 	vedwith
5 	wishedto
6 	Duetoth
6 	Themedianincomeforahouseholdinthecitywas$3
6 	andLa
6 	benefits
6 	breed
6 	efores
6 	esbeing
6 	inVi
6 	lyhis
6 	mostnotably
6 	ncetothe
6 	ngerp
6 	nterprise
6 	oneu
6 	pregn
6 	subscri
6 	thePer
6 	thehuman
6 	thâ€
6 	timesc
6 	waspro
6 	ylimits
7 	,toa
7 	celan
7 	dabi
7 	dreceived
7 	econfi
7 	eragr
7 	intheH
7 	lationofthe
7 	memori
7 	milyt
7 	nterior
7 	reeka
7 	s(which
7 	sbelieve
7 	thecentral
7 	theleast
7 	underthec
7 	yingto
8 	Edit
8 	Juan
8 	Territory
8 	Underthe
8 	ardsth
8 	areci
8 	attacks
8 	eaccess
8 	entma
8 	eouts
8 	hesand
8 	ncreat
8 	ously,
8 	people(
8 	riesar
8 	rtific
8 	sand5.
8 	toany
8 	tsider
8 	undergr
9 	'scon
9 	erthet
9 	espread
9 	hisna
9 	in2006
9 	ofGerman
9 	perpe
9 	stheA
9 	taught
9 	theRepublicof
9 	thedu
9 	todevelop
9 	whichinc
10 	,cha
10 	.1%were
10 	Max
10 	ach,
10 	anyth
10 	euna
10 	family.
10 	hewater
10 	hâ€
10 	inApril
10 	kedi
10 	matically
10 	oundtra
10 	pmus
10 	rational
10 	svery
10 	swereo
10 	thequa
10 	ymade
11 	.0%ofthepopulation
11 	Theoriginal
11 	ambr
11 	and6.
11 	criminal
11 	eelement
11 	erevil
11 	genetic
11 	hatthei
11 	hover
11 	ltsin
11 	lyass
11 	tfeature
11 	thewinter
11 	trongl
12 	Themedianincomeforahouseholdinthecitywas$
12 	edistrict
12 	egrea
12 	encr
12 	enthet
12 	hegroup
12 	ion,h
12 	is,the
12 	istence
12 	named"
12 	ofthecon
12 	orone
12 	rsch
12 	softhe2
12 	thesto
12 	tinction
12 	unger
12 	uration
12 	valof
13 	-19
13 	abouth
13 	andbecame
13 	byas
13 	chemi
13 	eaking
13 	einm
13 	esarea
13 	ingsystem
13 	interr
13 	litya
13 	lowers
13 	owter
13 	savailable
13 	stode
13 	tensive
13 	thatall
13 	therem
13 	utet
14 	-po
14 	Edward
14 	astate
14 	edtr
14 	federal
14 	firstf
14 	headquarter
14 	limits
14 	napo
14 	ntheR
14 	omics
14 	onDe
14 	oneve
14 	onvers
14 	orkon
14 	ottob
14 	stricti
14 	tmay
15 	,has
15 	1987
15 	antu
15 	awee
15 	calleda
15 	dbecame
15 	drama
15 	emical
15 	evess
15 	fourth
15 	hisdeath
15 	hisme
15 	itwould
15 	nowt
15 	npeople
15 	officer
15 	sless
15 	tedhis
15 	veye
15 	vine
15 	wasint
16 	Chicago
16 	Thepopulationdensitywas.
16 	alho
16 	allf
16 	anceto
16 	canr
16 	focuse
16 	ight,
16 	inEn
16 	ington,
16 	intheS
16 	itioni
16 	livedin
16 	nameof
16 	notin
16 	ontheb
16 	stfor
16 	ytheS
17 	Independen
17 	agreed
17 	ectedby
17 	efit
17 	eller
17 	esong
17 	estrict
17 	iallya
17 	lDistrict
17 	man.
17 	mentwas
17 	mpti
17 	nofthec
17 	olfo
17 	regulat
17 	resth
17 	rimin
17 	sethat
17 	thatre
17 	urest
17 	vised
18 	0%ofthepopulation
18 	ficer
18 	ghtth
18 	iceof
18 	investigat
18 	isdea
18 	redit
18 	redp
18 	rinf
18 	rsis
18 	stoma
18 	theru
18 	thri
18 	titwas
18 	tlet
18 	unicipalit
18 	withhis
18 	ygen
19 	,John
19 	2and
19 	allows
19 	aspeci
19 	celle
19 	founda
19 	hisn
19 	isthel
19 	ofthe20
19 	plants
19 	rtation
19 	sexual
19 	smaybe
19 	sofH
19 	swithin
19 	wasbuilt
20 	,butit
20 	Early
20 	amein
20 	ancel
20 	crac
20 	crop
20 	e,as
20 	ectof
20 	edical
20 	ibrary
20 	ingtr
20 	ntained
20 	partn
20 	ralf
20 	riesin
20 	sadd
20 	surrounding
20 	ther.
20 	tisc
20 	torial
21 	ansm
21 	ersd
21 	essto
21 	eventually
21 	hematic
21 	inof
21 	ler,
21 	nameo
21 	nature
21 	ocomp
21 	rationa
21 	rief
21 	sexpe
21 	thegrou
21 	ultof
22 	Andr
22 	and7
22 	campaign
22 	directo
22 	eCounty
22 	ernu
22 	etobe
22 	illing
22 	information
22 	inger
22 	mayhave
22 	stations
22 	tthatthe
22 	vingth
23 	,andre
23 	Thein
23 	al(
23 	allp
23 	eMar
23 	its.
23 	ntfrom
23 	olice
23 	othis
23 	publico
23 	secret
23 	sinn
23 	sonan
23 	theyha
23 	tothis
23 	urve
24 	ansto
24 	ayha
24 	believed
24 	better
24 	distincti
24 	edicate
24 	fromh
24 	growth
24 	hore
24 	ife.
24 	ities,
24 	ofBa
24 	oftheh
24 	outside
24 	started
24 	tobes
25 	anian
25 	associatedwith
25 	economic
25 	edde
25 	ein19
25 	verf
26 	Thema
26 	antr
26 	edfi
26 	eyears
26 	hegrou
26 	hisla
26 	negi
26 	nseve
26 	ongress
26 	plied
26 	ptionof
26 	swhen
26 	tedd
26 	thani
26 	wasbu
27 	,these
27 	Earl
27 	added
27 	andtr
27 	any,
27 	chem
27 	cians
27 	dear
27 	derso
27 	eisthe
27 	etoo
27 	hima
27 	mplement
27 	natural
27 	ration.
27 	themain
27 	tion,w
28 	,witha
28 	Thomas
28 	Township
28 	icans
28 	ies,a
28 	mach
28 	ndant
28 	province
28 	sali
28 	tfromt
28 	thatr
28 	thcentury,
28 	theNor
29 	Democra
29 	central
29 	eunderthe
29 	ionon
29 	nceto
29 	pari
29 	phone
29 	rom19
29 	rthecity
29 	steri
29 	tnow
30 	AfricanAmerican,0.
30 	agra
30 	ginn
30 	ieswere
30 	ifthe
30 	ks.
30 	pe.
30 	sthath
30 	theorigin
30 	tper
31 	.5%of
31 	Germany
31 	III
31 	andits
31 	asbo
31 	atural
31 	econf
31 	imme
31 	tsthat
31 	ualit
31 	ughtt
32 	.6%of
32 	alec
32 	arce
32 	asca
32 	dditional
32 	electric
32 	fare
32 	increased
32 	ithas
32 	lyfor
32 	nlat
32 	ofthefi
32 	onthei
32 	recogni
32 	scomm
32 	theNo
33 	Communi
33 	Italy
33 	asare
33 	asho
33 	becamea
33 	friend
33 	isedt
33 	manag
33 	nes.
33 	ornin
33 	othec
33 	route
33 	sandr
33 	strate
33 	tomake
33 	uetothe
34 	,aswellas
34 	escen
34 	fell
34 	fthefi
34 	ilde
34 	ityis
34 	ngthi
34 	pros
34 	sthrough
34 	tcont
34 	thit
34 	wner
35 	,whichwas
35 	2010census.
35 	cham
35 	hmor
35 	ingthem
35 	ndes
35 	nedf
35 	ningi
35 	ny,
35 	otherc
35 	romh
35 	ssto
35 	subject
35 	terpr
35 	thefilm
35 	theha
35 	throughout
36 	,andm
36 	ersofthe
36 	formof
36 	invest
36 	lectric
36 	llif
36 	lyand
36 	nthere
36 	remained
36 	surv
36 	thetra
36 	tically
36 	track
36 	ventu
37 	Poli
37 	ectt
37 	eelect
37 	frequent
37 	hispr
37 	ixa
37 	onfrom
37 	provin
37 	redf
37 	repar
37 	section
37 	thecitywas$
38 	Dist
38 	Indian
38 	With
38 	ations,
38 	beena
38 	desp
38 	e,but
38 	emaine
38 	hehad
38 	ieved
38 	nstitute
38 	nsur
38 	reak
38 	stpo
38 	univers
39 	,UnitedStates.
39 	ables
39 	atedthe
39 	business
39 	dial
39 	edther
39 	erme
39 	heoriginal
39 	iscu
39 	ofres
39 	species
39 	the2010census
39 	tsuc
39 	ttobe
39 	ules
40 	Bal
40 	andbe
40 	anyc
40 	ebut
40 	fored
40 	heinter
40 	international
40 	ndme
40 	ofCo
40 	resh
40 	reun
40 	secti
40 	specie
40 	tained
40 	ticall
40 	ycont
41 	argu
41 	border
41 	discover
41 	illin
41 	lationof
41 	onon
41 	orT
41 	orar
41 	overthe
41 	rationof
41 	seven
41 	urban
42 	Thereare
42 	While
42 	cities
42 	editi
42 	etto
42 	fast
42 	introduced
42 	ithm
42 	ncethe
42 	oney
42 	sion,
42 	teno
42 	thesea
43 	(19
43 	adis
43 	believe
43 	ein1
43 	hefilm
43 	ician
43 	isra
43 	istu
43 	ouldnot
43 	rationo
43 	rtie
43 	shedi
43 	theRe
43 	tswere
43 	withinthe
43 	wouldbe
44 	HispanicorLatinoofanyracewere
44 	aroundth
44 	ctof
44 	dtoc
44 	elected
44 	ensive
44 	esecon
44 	heorigin
44 	hethe
44 	ivere
44 	lived
44 	mari
44 	ministr
44 	nres
44 	residents
44 	stinc
44 	terin
44 	tohis
44 	wish
45 	"G
45 	continued
45 	deep
45 	eCou
45 	ercia
45 	estro
45 	fuse
45 	idesa
45 	manu
45 	olved
45 	smay
46 	asst
46 	atedwith
46 	avil
46 	ctth
46 	enou
46 	ibra
46 	isnot
46 	lice
46 	lyfo
46 	party
46 	pril
46 	ridge
46 	rmation
46 	safo
46 	tinct
46 	yhave
47 	%ofthepopulation.
47 	,however,
47 	Fro
47 	ctivit
47 	de,
47 	eddi
47 	emic
47 	formo
47 	gress
47 	hoseu
47 	in199
47 	ntheo
47 	polic
47 	qual
47 	roto
47 	roundth
47 	seunder
47 	sonthe
47 	ssta
47 	standard
47 	tually
48 	2010census
48 	alpro
48 	ationsof
48 	centra
48 	created
48 	incip
48 	ological
48 	oming
48 	rinthe
48 	roundt
48 	taine
49 	Forevery100femalesage18andover,therewere
49 	arit
49 	arle
49 	culture
49 	dve
49 	es,the
49 	ewere2
49 	l's
49 	morethan
49 	natur
49 	obec
49 	ontothe
49 	orst
49 	swhe
50 	,they
50 	Gro
50 	acla
50 	agno
50 	edica
50 	heter
50 	ingco
50 	ories
50 	played
50 	rior
50 	rison
50 	verse
51 	),and
51 	Although
51 	andst
51 	body
51 	cedi
51 	commi
51 	considered
51 	dedic
51 	deof
51 	erged
51 	iedt
51 	inthee
51 	ssiona
51 	yhas
52 	agein
52 	anima
52 	arne
52 	atsu
52 	inand
52 	loss
52 	nato
52 	ndependent
52 	strong
52 	um,
52 	ustria
53 	January
53 	age.
53 	anddi
53 	conve
53 	given
53 	icals
53 	inni
53 	reand
53 	sused
53 	the201
53 	theth
53 	ties.
53 	ttothe
54 	191
54 	chie
54 	eonly
54 	heMa
54 	hepla
54 	phon
54 	rced
54 	reed
54 	require
54 	tevi
54 	to1
55 	dsand
55 	eyear
55 	population.
55 	pulation.
55 	scover
55 	tations
55 	wasnot
55 	weret
56 	,thet
56 	Comp
56 	Hispanic
56 	describe
56 	exten
56 	five
56 	industr
56 	isar
56 	nsion
56 	ntst
56 	on,and
56 	pital
56 	rane
56 	tedbythe
56 	therth
56 	trate
57 	acks
57 	edwiththe
57 	ewar
57 	groups
57 	inten
57 	lfor
57 	rban
57 	roducti
57 	rres
57 	script
57 	sinclude
57 	whenthe
58 	University
58 	ateri
58 	attempt
58 	dethe
58 	erlan
58 	esfrom
58 	impr
58 	lega
58 	maybe
58 	ntroduc
58 	rita
59 	,U
59 	189
59 	ducation
59 	edtobe
59 	entofthe
59 	hall
59 	hesec
59 	icult
59 	inad
59 	inna
59 	nico
59 	scont
59 	sdis
59 	took
60 	Thepopulationdensitywas
60 	UnitedStates.
60 	amefa
60 	ayn
60 	cting
60 	disco
60 	econom
60 	edcou
60 	eredis
60 	ethr
60 	froma
60 	hingt
60 	key
60 	nstan
60 	ords
60 	ounda
60 	thats
60 	tothes
60 	trong
60 	version
61 	190
61 	Republic
61 	allof
61 	andA
61 	dchi
61 	eele
61 	ersand
61 	hism
61 	or.
61 	orther
61 	rary
61 	stom
61 	usc
61 	wasin
61 	whicha
61 	works
62 	0,000
62 	Maleshadamedianincomeof$
62 	afterthe
62 	died
62 	dres
62 	esst
62 	heun
62 	lyde
62 	ously
62 	rical
62 	rlo
62 	rwo
63 	esearch
63 	icto
63 	ment,
63 	omic
63 	rams
63 	sname
63 	thech
64 	develope
64 	dsin
64 	inB
64 	pand
64 	ript
64 	sionof
65 	Demographics.
65 	Itwas
65 	anide
65 	class
65 	format
65 	hard
65 	mation
65 	ndat
65 	requi
65 	scribe
65 	sedthe
65 	township
66 	Dis
66 	alls
66 	entral
66 	inthecity
66 	isk
66 	onge
66 	ostr
66 	slate
66 	ville
67 	High
67 	Theo
67 	andg
67 	ationin
67 	ationofthe
67 	dbeen
67 	hadbeen
67 	hisd
67 	ndia
67 	ssh
67 	ssociat
67 	tionis
68 	School
68 	ecare
68 	erace
68 	nalo
68 	ntsof
68 	olan
68 	yinthe
69 	Some
69 	areas
69 	cially
69 	dthatthe
69 	ehad
69 	ent,and
69 	feature
69 	heint
69 	icer
69 	tionsa
69 	werebe
70 	East
70 	actu
70 	aliz
70 	betweenthe
70 	descri
70 	former
70 	hase
70 	human
70 	icate
70 	ilyt
70 	lyto
70 	matic
70 	nternational
70 	tende
70 	tingthe
70 	tyli
70 	vered
71 	ality
71 	close
71 	graphics
71 	holdin
71 	imit
71 	ndependen
71 	nion
71 	sand1
71 	siono
71 	ssibl
72 	%were
72 	Latin
72 	erwa
72 	heal
72 	icin
72 	kand
72 	lythe
72 	niversity
72 	pis
72 	retha
72 	rthec
72 	terp
72 	tofa
73 	isat
73 	llen
73 	members
73 	ofH
73 	onve
73 	overe
73 	stance
73 	tyin
74 	cross
74 	dthatt
74 	fire
74 	ights
74 	mix
74 	stant
74 	vedin
75 	%hadsomeonelivingalonewhowas65yearsofageorolder.
75 	French
75 	dtobe
75 	dtr
75 	great
75 	icti
75 	inhi
75 	ledi
75 	nfrom
75 	ping
75 	pment
75 	rals
75 	sont
75 	tfrom
75 	tinc
75 	withthem
76 	anst
76 	ccur
76 	nunder
76 	orted
76 	thedi
77 	193
77 	anas
77 	andwas
77 	edal
77 	housingunitsatanaveragedensityof
77 	in200
77 	ners
77 	ofthef
77 	sana
77 	type
78 	econt
78 	edasa
78 	housingunitsa
78 	intothe
78 	itor
78 	married
78 	nent
78 	ormore
78 	sform
79 	Har
79 	agre
79 	asma
79 	ceand
79 	grea
79 	oses
79 	oundt
79 	relati
80 	Inter
80 	control
80 	face
80 	hare
80 	nthea
80 	pert
80 	shor
80 	thete
80 	tsto
80 	ver,the
81 	Cent
81 	agede
81 	dover
81 	iest
81 	organi
81 	ounde
81 	redto
81 	uild
81 	ument
81 	urth
82 	cultur
82 	eati
82 	edist
82 	edonthe
82 	heha
82 	itya
82 	reto
82 	tcon
82 	tionsof
82 	tode
82 	tside
82 	witho
83 	allya
83 	arec
83 	livinga
83 	ndto
83 	ownship
84 	alfo
84 	ances
84 	centr
84 	entw
84 	ersof
84 	havebeen
84 	hisi
84 	iated
84 	language
84 	music
84 	nthel
84 	pie
84 	rought
84 	spor
84 	tein
84 	y,and
85 	around
85 	consider
85 	isde
85 	itain
85 	ncet
85 	otb
86 	ecent
86 	lding
86 	ller
86 	ommunit
86 	progr
86 	rcha
86 	rease
86 	thecitywas
86 	tiond
86 	tural
87 	Gra
87 	chu
87 	eswere
87 	ityi
87 	mission
87 	person
87 	roduced
87 	sedto
87 	sthere
87 	vingt
88 	San
88 	egam
88 	inthet
88 	numberof
88 	outth
88 	prot
88 	rmat
88 	torp
89 	dswe
89 	ector
89 	edont
89 	ewsd
89 	heth
89 	ogram
89 	orin
89 	ribe
89 	romot
89 	together
89 	tthat
89 	tyle
89 	ums
90 	Africa
90 	age18and
90 	back
90 	ncea
90 	special
90 	toco
90 	wasb
91 	Her
91 	eleas
91 	ilan
91 	lhous
91 	uses
92 	Bur
92 	children
92 	duringthe
92 	edes
92 	ette
92 	ience
92 	iesand
92 	ival
92 	ization
92 	major
92 	ntre
92 	result
92 	small
92 	support
93 	arat
93 	lant
93 	light
93 	ngli
93 	toma
94 	195
94 	In19
94 	alone
94 	ests
94 	gree
94 	imu
94 	sav
94 	unda
95 	,G
95 	Mal
95 	North
95 	ewse
95 	ione
95 	lave
95 	raged
96 	,to
96 	German
96 	aig
96 	epublic
96 	erall
96 	esthat
96 	strict
96 	towns
96 	view
96 	wis
97 	adel
97 	agef
97 	before
97 	eated
97 	efamily
97 	eunder
97 	forf
97 	ingand
97 	leda
97 	ption
97 	wereb
98 	Demo
98 	Lat
98 	aris
98 	capita
98 	educ
98 	esofthe
98 	inci
98 	meon
98 	sition
98 	within
99 	However,
99 	adeu
99 	andar
99 	ationi
99 	desc
99 	er,a
99 	eredi
99 	hewas
99 	neda
99 	rien
99 	ryi
99 	thepro
99 	ueda
100 	,anda
100 	anic
100 	conce
100 	ions,
100 	vision
101 	Europe
101 	alpr
101 	anar
101 	asit
101 	eration
101 	eries
101 	nstit
101 	ofhis
101 	theT
102 	erwi
102 	refer
102 	sein
102 	tinthe
102 	tual
103 	Forevery100females
103 	continu
103 	erri
103 	esou
103 	ofind
103 	south
103 	sty
103 	terr
104 	capi
104 	egro
104 	ental
104 	ernat
104 	hasbeen
104 	hete
104 	ncrea
104 	oml
104 	orto
104 	tures
105 	dasa
105 	sone
105 	strat
105 	sult
105 	tedthe
105 	thecon
105 	thesu
106 	etothe
106 	iesof
106 	ispa
106 	nivers
106 	rces
106 	secr
106 	until
107 	%ofthepopulation
107 	achi
107 	ces.
107 	efl
107 	eforthe
107 	lthough
107 	never
107 	olf
107 	reac
107 	remain
107 	ry10
107 	shin
107 	succe
108 	lho
108 	rks
109 	communi
109 	film
109 	tionin
109 	west
110 	ajor
110 	aster
110 	edhi
110 	head
110 	nsw
110 	ousin
110 	prin
111 	Thef
111 	and"
111 	efam
111 	hout
111 	mmer
111 	mpi
111 	redis
111 	sider
111 	stil
112 	ania
112 	epend
112 	erre
112 	erti
112 	etoth
112 	fact
112 	ially
112 	itre
112 	knownas
112 	mits
112 	nally
112 	nitsa
112 	rsto
112 	stim
113 	elan
113 	mpor
113 	n,and
113 	nale
113 	onel
113 	ones
113 	servi
113 	someo
113 	wasn
114 	18and
114 	edin1
114 	es,and
114 	force
114 	inge
114 	oreth
114 	refo
114 	sandt
114 	tors
114 	ttes
114 	uan
115 	arrie
115 	lsand
115 	overt
115 	porta
115 	thera
115 	uction
116 	dica
116 	ecto
116 	ewith
116 	itso
116 	mentof
116 	olic
116 	point
116 	rsin
116 	tres
117 	Ind
117 	andre
117 	commo
117 	hepro
117 	ley
117 	rmed
118 	ards
118 	called
118 	ersu
118 	ncre
118 	thath
119 	"and
119 	ained
119 	disc
119 	dnot
119 	eone
119 	esam
119 	igin
119 	leto
119 	medianincome
119 	nger
119 	ostn
119 	regn
119 	rein
120 	ccess
120 	edfrom
120 	eria
120 	feat
120 	nced
120 	rther
120 	uca
121 	const
121 	ecei
121 	equi
121 	power
121 	requ
121 	rint
121 	rive
122 	arin
122 	group
122 	histo
122 	ians
122 	mans
122 	nten
122 	snam
122 	the20
122 	wasc
123 	Man
123 	eform
123 	operat
123 	rown
123 	water
124 	cula
124 	ically
124 	onb
124 	owth
124 	struct
124 	tsat
125 	edtoth
125 	ofall
126 	,therewere
126 	ation,
126 	atre
126 	emade
126 	ies,
126 	real
126 	terc
127 	acco
127 	mitt
127 	r,the
127 	secon
127 	tions.
128 	ample
128 	andco
128 	creat
128 	e,and
128 	erus
128 	everal
128 	ingc
128 	mof
128 	roper
128 	yis
129 	alit
129 	artne
129 	efu
129 	entra
129 	lesa
129 	order
130 	aly
130 	efrom
130 	government
130 	ires
130 	none
130 	nosi
130 	till
131 	e,the
131 	erson
131 	ethat
131 	ghth
131 	hero
131 	pita
131 	withi
132 	alis
132 	euni
132 	hene
132 	inue
132 	ized
132 	ndis
132 	ntothe
132 	owas
132 	ple,
132 	uringthe
132 	useof
133 	ars.
133 	enter
133 	erio
133 	erra
133 	located
133 	spro
134 	Fi
134 	Nati
134 	ares
134 	dtothe
134 	nett
134 	ried
134 	roup
134 	rted
134 	tend
134 	vari
135 	cult
135 	egre
135 	emer
135 	erge
135 	yfor
136 	iew
136 	lts
136 	move
136 	nota
136 	olit
136 	tionofthe
136 	wei
137 	198
137 	ceri
137 	eirr
137 	icall
137 	ieso
137 	lyd
137 	place
137 	stit
137 	story
137 	undertheageof18
138 	became
138 	chin
138 	conc
138 	ctive
138 	eliv
138 	er,t
138 	erca
138 	esea
138 	lage
138 	nthet
138 	t,re
138 	the2
138 	tingt
138 	unti
139 	ingu
139 	scho
139 	thos
139 	yofthe
140 	develop
140 	edom
140 	ehousehold
140 	ionin
140 	mode
140 	oman
140 	star
140 	wasth
141 	bac
141 	ingp
141 	ncr
141 	ommuni
141 	owns
141 	pani
141 	rated
141 	scri
141 	utthe
142 	ebu
142 	lyb
142 	lyw
142 	ormo
142 	otal
143 	density
143 	thein
145 	ages
145 	apt
145 	being
145 	emain
145 	resu
145 	theR
146 	anat
146 	both
146 	edit
146 	entur
146 	erfor
146 	esha
146 	make
146 	pai
146 	ry,
146 	sfi
146 	tana
146 	trans
147 	Vi
147 	asbe
147 	llas
147 	sall
147 	sted
147 	veral
148 	last
148 	ples
149 	alan
149 	econd
149 	edp
149 	etot
149 	number
149 	ofthes
149 	orw
149 	pee
149 	ule
149 	ustr
150 	American
150 	In1
150 	Nat
150 	Therewere
150 	system
150 	theme
151 	ing.
151 	redt
151 	ringthe
151 	spre
151 	tral
151 	yha
152 	bri
152 	ient
152 	lyin
152 	odes
152 	once
152 	quar
152 	ures
153 	bea
153 	ctions
153 	gio
153 	of18
153 	rar
153 	stre
153 	theageof
153 	thest
153 	utit
154 	Thea
154 	early
154 	fthes
154 	ject
154 	nve
155 	Whi
155 	forme
155 	mati
155 	ofan
155 	ofo
155 	onand
156 	65yearsofageorolder.
156 	Fore
156 	edic
156 	lest
156 	life
157 	ed"
157 	efore
157 	eupof
157 	ldr
157 	ompa
157 	owever,
157 	wass
158 	during
158 	ocate
158 	suchas
158 	theP
159 	Ed
159 	einthe
159 	rela
160 	eire
160 	erie
160 	ming
160 	orld
160 	tedby
160 	theag
161 	ames
161 	esign
161 	ished
161 	itywas
162 	alre
162 	eent
162 	roj
163 	anti
163 	lity
163 	stand
163 	thema
164 	sout
165 	bein
165 	ecro
165 	genera
165 	orce
165 	through
165 	witha
166 	eneral
166 	evelo
166 	ked
166 	living
166 	ndre
166 	oner
166 	rold
166 	tent
167 	ected
167 	estr
167 	gest
167 	produc
167 	scon
167 	upof
168 	about
168 	aine
168 	ervi
168 	iani
168 	include
168 	meof
168 	nding
168 	oco
168 	versi
168 	vill
169 	ecam
169 	edfor
169 	hesa
169 	hewa
169 	try
169 	ulationw
169 	would
170 	eing
170 	ly,
170 	nsof
170 	omet
171 	care
171 	erac
171 	ird
171 	public
171 	rall
171 	snot
172 	andr
172 	deri
172 	erve
172 	esthe
172 	evis
172 	ired
172 	rove
172 	sive
172 	sucha
173 	andm
173 	ecre
173 	muni
173 	read
173 	term
173 	test
174 	aint
174 	divid
174 	forma
174 	found
174 	ifica
174 	inan
174 	locat
174 	mov
174 	rans
174 	rovi
174 	tric
175 	hein
175 	omin
175 	umbe
175 	vewo
176 	eek
176 	entl
176 	entof
176 	itte
176 	mic
176 	ofin
176 	orte
176 	sfrom
176 	speci
176 	tioni
177 	,with
177 	poli
178 	aste
178 	him
178 	liti
178 	ninc
179 	contr
179 	iate
179 	may
180 	,there
180 	asw
180 	der.
180 	fall
180 	females
180 	nill
181 	cens
181 	theg
182 	edthat
182 	families
182 	sist
182 	tant
182 	thepopulation
183 	edinthe
183 	enin
183 	ether
183 	grou
183 	hile
183 	itai
183 	nine
183 	sedt
183 	tdes
184 	eCo
184 	n20
184 	nthes
184 	oint
184 	ublic
185 	entu
185 	fri
185 	phi
185 	pin
186 	asm
186 	isco
186 	isla
186 	ldin
186 	ntro
186 	tedth
186 	underthe
187 	ature
187 	deme
187 	erema
187 	theh
188 	Di
188 	draw
188 	este
188 	hemo
188 	shed
188 	ward
189 	ides
189 	large
189 	renc
189 	s,the
190 	andin
190 	known
190 	tedto
191 	Com
191 	every
191 	overn
191 	yreve
192 	onan
192 	though
193 	His
193 	Inthe
193 	asti
193 	ayb
193 	between
193 	illi
193 	itsa
193 	therewere
194 	ies.
194 	lig
194 	plan
195 	average
195 	eside
195 	family
195 	hada
195 	hand
195 	ities
195 	nderthe
196 	nofthe
196 	tori
197 	arch
197 	elect
197 	high
197 	isthe
197 	ofthep
198 	ator
198 	calp
198 	riti
199 	ext
199 	income
199 	istr
199 	nown
199 	onin
200 	ctor
200 	ecar
200 	eved
200 	race
201 	Go
201 	eate
201 	hing
201 	imi
201 	ived
202 	Con
202 	add
202 	eUni
202 	ns,
202 	tsof
203 	cated
203 	etown
203 	hom
203 	ince
203 	ious
203 	itha
203 	nsit
203 	ntra
203 	round
203 	ty,
203 	when
204 	neof
204 	thin
205 	bes
205 	chas
205 	nden
206 	amed
206 	asno
206 	atc
206 	erma
206 	onsa
207 	Cl
207 	eves
207 	hema
207 	ments
207 	seve
207 	thecity
208 	alon
208 	hoo
208 	odi
208 	vern
209 	evil
209 	live
209 	mily
210 	aug
210 	dame
210 	each
210 	etha
210 	gua
210 	lib
211 	enthe
211 	eper
211 	ograph
212 	andw
212 	les.
212 	teri
213 	ht,s
213 	nast
213 	umb
213 	vol
214 	char
214 	lled
214 	ocat
214 	oup
215 	gene
215 	indi
215 	ook
215 	tation
216 	dition
216 	efro
216 	eter
217 	arly
217 	eage
217 	ityof
217 	ssion
217 	tabl
217 	theto
218 	aj
218 	edro
218 	elat
218 	hose
218 	nded
218 	nment
218 	sinthe
218 	tale
219 	This
219 	bout
219 	ease
219 	ivin
219 	orts
219 	stro
220 	Jo
220 	arri
220 	dist
220 	many
220 	theA
220 	tsid
220 	ular
222 	Mar
222 	ational
222 	enera
222 	omeo
222 	ought
223 	,andthe
223 	ffic
223 	present
223 	thatthe
224 	itic
225 	hist
226 	and1
226 	ationof
226 	mina
226 	onto
226 	outh
227 	mpa
227 	orn
228 	asin
228 	edwith
228 	ishe
228 	rni
229 	graph
229 	long
229 	roduc
230 	epar
230 	thefi
230 	ts.
231 	ation.
231 	lus
232 	dthat
232 	scr
232 	sity
232 	urc
233 	cted
233 	hecity
234 	ection
234 	nfor
234 	uen
235 	erfo
235 	ofre
235 	ofthec
236 	erea
236 	main
236 	theS
236 	vent
237 	cation
237 	prov
237 	tory
238 	acti
238 	fora
238 	hatthe
238 	ows
239 	Po
239 	desi
239 	epro
239 	hera
239 	ised
239 	meri
240 	andc
241 	201
241 	alm
241 	ash
241 	vet
241 	ybe
242 	erin
242 	ident
242 	inal
242 	publi
242 	tion,
243 	athe
244 	allo
244 	arte
244 	etra
244 	isth
245 	diti
245 	ntu
246 	,andth
246 	atur
246 	deni
246 	erso
246 	ined
246 	lies
247 	erage
247 	esw
248 	oret
248 	rest
249 	State
249 	asb
249 	ased
249 	desa
249 	ines
249 	nall
250 	Thep
250 	ama
250 	le,
250 	ship
251 	acc
251 	ationo
251 	eare
251 	heto
251 	orma
252 	asc
252 	owa
252 	tates
253 	ille
253 	nch
253 	people
253 	van
254 	sch
255 	odu
256 	alr
256 	dde
256 	edd
256 	onst
256 	rough
256 	usin
257 	anu
257 	erem
257 	ioni
257 	ngu
258 	,but
258 	reas
259 	enil
259 	in19
259 	line
260 	ingin
260 	isse
260 	orl
261 	rand
261 	stri
261 	ubli
262 	ales
262 	ewi
262 	inn
262 	rent
262 	sela
262 	tera
262 	work
263 	edas
263 	iec
263 	spec
263 	swi
264 	eran
264 	erse
264 	female
264 	mpo
264 	nare
264 	opm
265 	cate
265 	ember
265 	erb
265 	they
266 	api
266 	epre
266 	ipa
266 	made
266 	reco
267 	cip
267 	ente
267 	hest
267 	pic
267 	riv
267 	tco
267 	thatt
267 	these
268 	only
268 	tron
268 	ura
269 	bra
270 	eed
271 	ood
272 	ark
272 	hela
273 	esand
273 	wee
274 	esto
275 	,andt
275 	ddi
276 	ative
276 	ersa
276 	roft
276 	tfor
276 	uring
276 	yand
277 	alli
277 	illa
277 	mod
277 	ration
277 	rsof
277 	twas
277 	ught
278 	There
278 	thed
279 	ensi
279 	erag
279 	fromthe
279 	gare
279 	king
280 	aph
280 	isti
280 	rope
281 	dian
281 	redi
282 	Bo
282 	male
282 	oB
283 	ensu
283 	inf
285 	even
285 	neve
285 	thew
286 	enth
286 	loca
286 	theU
286 	thou
287 	inter
288 	dinthe
288 	edint
289 	aver
289 	ende
289 	mple
290 	For
291 	sthat
292 	ener
292 	households
292 	nist
292 	tsin
293 	amp
293 	ared
293 	dera
293 	eret
293 	tere
293 	ywas
294 	hefi
294 	jo
295 	amef
295 	first
296 	ento
296 	ress
298 	ande
298 	ssec
299 	call
299 	hepopulation
299 	more
299 	sca
300 	cap
300 	eint
302 	emal
302 	ito
302 	lame
302 	used
303 	ties
303 	very
304 	Int
304 	ageo
304 	atin
304 	count
305 	fou
306 	esan
306 	ldi
307 	equ
307 	ries
308 	esth
308 	eun
308 	nue
309 	ool
309 	too
310 	arti
310 	eren
310 	itra
311 	ationa
311 	oper
312 	see
313 	arge
313 	tobe
314 	ion,
314 	sfor
315 	ited
315 	theo
315 	town
316 	been
316 	theb
317 	meo
317 	rica
318 	ogra
318 	pers
318 	srep
319 	cam
319 	dli
319 	dsi
319 	ild
319 	isd
319 	mac
319 	ntin
319 	ould
319 	serv
320 	uar
321 	rai
321 	reth
321 	tofthe
322 	stor
323 	Uni
323 	anin
323 	irst
323 	tly
324 	lect
324 	ower
325 	esin
325 	itis
325 	most
325 	ofr
325 	siti
326 	dwi
326 	sbe
328 	etin
328 	ict
328 	nite
328 	ory
328 	sint
330 	isno
330 	onsi
330 	rema
331 	ement
331 	sou
331 	stha
332 	ando
332 	than
333 	bor
333 	yal
334 	bythe
334 	stan
335 	,which
335 	tinu
335 	unit
336 	ingo
336 	ving
337 	able
337 	fter
338 	esc
338 	isp
338 	time
339 	inco
340 	cri
340 	ico
340 	resi
340 	tion.
341 	area
341 	eon
341 	spr
341 	tain
342 	includ
343 	fil
343 	herewere
343 	lif
343 	onl
345 	egi
345 	rage
345 	withthe
346 	byth
346 	rod
347 	afe
347 	ters
347 	their
349 	esta
351 	ize
351 	nand
351 	omi
352 	city
352 	forthe
352 	fromt
352 	hos
353 	swere
354 	Br
356 	hese
356 	household
356 	tional
357 	ersi
357 	ndin
361 	Ba
362 	esh
362 	htm
362 	nera
362 	ork
362 	reat
364 	idem
364 	medi
364 	olo
364 	ster
365 	lyt
365 	rews
365 	tyl
366 	eman
366 	name
367 	Ther
367 	cto
367 	ici
367 	mas
367 	n19
368 	ack
368 	eac
368 	s,and
369 	ata
369 	ered
369 	stat
370 	come
370 	emoc
370 	nclu
370 	romt
371 	asthe
371 	epe
371 	have
371 	spo
371 	tos
372 	cial
372 	late
374 	ult
375 	lof
376 	app
376 	enn
377 	eop
377 	ogr
378 	sho
379 	rri
380 	cent
380 	famil
380 	population
381 	witht
382 	erthe
382 	isc
382 	raw
382 	war
384 	onthe
384 	pulation
385 	under
386 	dent
387 	cons
387 	duc
387 	iden
387 	vers
387 	years
388 	tit
389 	ning
389 	xi
390 	alle
390 	ella
390 	esof
390 	heo
390 	los
390 	nse
391 	forth
391 	ings
391 	mot
391 	tedt
391 	tom
393 	arc
393 	ics
393 	ingto
393 	nits
393 	stin
394 	itan
394 	nati
395 	sis
396 	arl
397 	Sta
397 	cas
397 	irs
397 	mis
397 	rse
399 	ebe
400 	comm
400 	edf
400 	etar
400 	rate
401 	andi
401 	atr
401 	ition
401 	rta
402 	ations
402 	softhe
405 	eis
406 	avi
406 	bec
406 	bli
407 	div
407 	now
407 	thee
407 	tti
410 	ors
411 	atu
411 	nap
411 	pan
413 	rch
414 	urt
415 	sare
415 	ulation
416 	sma
417 	new
418 	ance
418 	hold
418 	ied
418 	thel
419 	comp
419 	ges
419 	mpl
423 	ional
424 	ight
425 	cho
425 	emos
425 	ewere
425 	some
425 	vera
426 	ake
426 	iver
426 	revi
427 	eofthe
427 	nic
427 	softh
427 	ulati
428 	off
429 	ete
432 	inte
432 	nsu
433 	tionof
434 	asth
434 	htsa
435 	dint
435 	in1
437 	dit
438 	this
440 	cont
441 	ingi
442 	fam
444 	ece
444 	oro
447 	tow
448 	alc
451 	house
451 	tle
454 	len
454 	nel
455 	ence
455 	mber
458 	pri
458 	sus
459 	ala
459 	ture
459 	uri
460 	ates
461 	popula
461 	tht
462 	eand
462 	rese
463 	popul
464 	econ
464 	fort
464 	rce
465 	lie
468 	unde
469 	sha
470 	ater
470 	reta
471 	pula
473 	orthe
473 	she
474 	tiono
477 	eor
480 	ulat
481 	fic
482 	erm
483 	ents
485 	ott
485 	tto
486 	fte
487 	ands
487 	spe
488 	hesu
488 	ivi
488 	lon
488 	useh
490 	arr
490 	fre
492 	low
495 	adi
496 	port
497 	edl
497 	lde
497 	pul
502 	omp
502 	tive
503 	part
503 	ris
505 	atthe
505 	sco
505 	ual
506 	rma
506 	ythe
507 	ionof
507 	rati
508 	dre
508 	eho
509 	bot
509 	shi
509 	tob
510 	also
510 	osla
510 	ound
510 	soft
511 	edis
511 	side
511 	yin
512 	erth
513 	eral
514 	ust
515 	ewas
515 	nge
516 	iso
516 	osi
517 	har
518 	erg
520 	don
520 	ingthe
520 	oli
521 	anda
521 	chi
526 	ough
528 	tiona
529 	rag
530 	obe
531 	lation
531 	nter
533 	other
534 	edu
534 	ude
535 	d.
535 	ring
536 	ction
536 	enti
536 	tate
539 	De
544 	erof
544 	fore
546 	hthe
548 	form
548 	vil
551 	ouse
552 	nder
552 	sion
554 	ven
555 	ind
556 	inga
556 	tas
557 	our
558 	hous
559 	thei
560 	lic
562 	any
562 	edthe
564 	hin
564 	iono
566 	dia
566 	sev
566 	ves
569 	amo
569 	ang
569 	gna
569 	oma
569 	rte
570 	alo
570 	ola
574 	yh
575 	sfo
577 	ical
577 	rad
578 	ery
578 	yre
579 	ewe
579 	mar
579 	ram
585 	ded
585 	there
588 	nan
588 	oca
589 	ced
593 	ble
595 	ary
595 	yra
596 	ews
596 	gin
596 	swe
598 	es,
599 	epr
599 	ks
601 	thet
606 	lso
609 	inu
609 	rw
609 	uni
611 	ally
612 	ond
620 	ong
620 	rst
622 	efi
622 	ife
624 	efor
624 	rofe
626 	edby
627 	land
629 	ede
630 	10
630 	err
632 	mal
633 	ved
637 	ingth
641 	irt
641 	tri
643 	had
645 	mit
645 	thea
645 	tim
650 	hed
651 	hei
654 	andthe
654 	cor
655 	row
655 	wor
656 	tai
658 	tions
659 	ans
659 	sna
662 	rit
663 	nst
665 	ntr
666 	nta
668 	ler
669 	act
670 	ett
670 	ref
670 	tte
673 	ric
675 	anc
675 	nof
677 	ato
677 	mos
679 	ras
679 	sar
692 	U
693 	ard
693 	dra
693 	ital
693 	lati
695 	igh
695 	ting
696 	ele
698 	ene
699 	unt
700 	opu
700 	rou
700 	upo
701 	elo
701 	ole
702 	ght
704 	orth
705 	enc
705 	ever
705 	ewa
707 	ari
709 	cat
712 	andth
713 	thep
714 	er,
714 	ori
714 	rk
716 	over
717 	afo
717 	ofa
718 	hel
718 	ish
719 	nts
719 	ord
721 	han
724 	which
731 	them
732 	cen
732 	ndthe
732 	nec
733 	end
737 	ino
738 	isn
738 	nsi
739 	nda
742 	pp
744 	ngth
747 	asa
750 	orm
752 	Ma
753 	eme
755 	edto
757 	ree
760 	led
762 	las
764 	has
764 	het
767 	tothe
769 	old
774 	pla
779 	edth
781 	ana
786 	med
787 	thi
789 	owe
792 	cha
793 	00
796 	ali
796 	ila
801 	ign
805 	lit
805 	ndth
805 	til
806 	tho
807 	lf
807 	ora
808 	ode
808 	ono
811 	ding
812 	cre
812 	erc
812 	toth
813 	ple
815 	ions
818 	can
818 	nac
820 	ated
820 	deta
826 	ean
829 	lin
831 	son
835 	ami
835 	ima
836 	eat
837 	ula
839 	lim
839 	mil
840 	net
840 	ten
848 	own
851 	Co
851 	ure
853 	andt
858 	ass
858 	ssa
859 	ane
859 	ena
859 	tur
861 	edin
861 	nide
868 	20
870 	efo
871 	emi
871 	ime
871 	tthe
872 	arg
872 	gra
876 	ethe
878 	ial
878 	lai
881 	ber
881 	ich
888 	es.
891 	dto
891 	por
891 	rop
903 	hic
907 	ens
907 	sne
908 	out
913 	sthe
917 	ant
920 	ian
923 	rec
926 	rthe
931 	tat
936 	tot
937 	ost
939 	hou
942 	thec
946 	sand
948 	from
951 	cti
951 	hem
951 	nto
952 	ndi
955 	een
965 	eir
965 	rie
966 	ave
968 	thes
977 	ment
978 	eci
978 	ice
978 	und
980 	att
980 	hep
982 	rin
983 	ndt
985 	ese
990 	erp
990 	pre
992 	eli
996 	isa
999 	nti
1007 	19
1007 	91
1011 	ces
1011 	sec
1019 	nte
1025 	tth
1035 	rl
1038 	nin
1041 	par
1041 	rap
1046 	ste
1050 	ect
1051 	dis
1051 	sid
1052 	ingt
1052 	nes
1053 	set
1053 	tes
1058 	ill
1058 	lli
1061 	E
1061 	e.
1068 	ous
1073 	ace
1073 	eca
1080 	lle
1083 	,the
1093 	ity
1097 	that
1102 	G
1105 	here
1108 	ein
1108 	nie
1110 	str
1113 	hec
1120 	iti
1121 	epo
1121 	ope
1123 	not
1132 	In
1132 	fro
1134 	ale
1134 	ela
1143 	sit
1143 	tis
1150 	cal
1150 	inc
1157 	les
1157 	sel
1166 	eve
1167 	ies
1167 	oun
1167 	sei
1174 	eto
1175 	eti
1175 	ite
1177 	man
1177 	nam
1180 	rot
1180 	tor
1183 	were
1186 	ove
1189 	mer
1204 	men
1213 	nar
1213 	ner
1213 	ran
1213 	ren
1219 	nce
1219 	ona
1224 	ain
1224 	hat
1224 	nia
1228 	eso
1228 	ose
1237 	nde
1238 	ess
1244 	cit
1244 	tic
1260 	esi
1260 	ise
1264 	inthe
1268 	ms
1272 	D
1275 	com
1275 	pro
1282 	othe
1288 	oo
1289 	ont
1297 	eno
1297 	one
1298 	eni
1298 	ine
1307 	eco
1312 	dthe
1314 	als
1314 	sla
1315 	ats
1318 	des
1318 	sed
1325 	with
1334 	aci
1334 	ica
1341 	ral
1343 	eth
1343 	sto
1353 	his
1356 	den
1356 	ned
1358 	rat
1358 	tar
1362 	its
1362 	sti
1377 	e,
1386 	,and
1389 	sth
1391 	mor
1391 	rom
1401 	rth
1407 	mu
1407 	um
1408 	con
1411 	sw
1411 	ws
1424 	per
1432 	tan
1443 	mp
1450 	rea
1464 	nas
1464 	san
1464 	wn
1470 	ase
1470 	esa
1484 	eri
1484 	ire
1488 	ear
1494 	esu
1494 	use
1495 	ert
1495 	tre
1496 	eof
1497 	ast
1497 	tsa
1504 	rew
1504 	wer
1509 	sof
1512 	rn
1521 	ith
1524 	age
1524 	ega
1532 	ub
1557 	evi
1557 	ive
1560 	"
1566 	edt
1572 	emo
1572 	ome
1577 	ade
1577 	eda
1589 	ey
1591 	lat
1591 	tal
1601 	tha
1604 	og
1605 	ani
1605 	ina
1611 	dth
1618 	oth
1632 	ero
1632 	ore
1637 	B
1642 	ther
1647 	ons
1647 	sno
1653 	ist
1653 	tsi
1671 	ame
1671 	ema
1691 	hes
1734 	du
1741 	sc
1759 	lan
1759 	nal
1782 	ort
1782 	tro
1784 	bo
1791 	tra
1814 	uc
1841 	lt
1851 	gr
1856 	sp
1880 	sin
1887 	ation
1887 	est
1888 	ry
1910 	ofthe
1920 	all
1920 	lla
1924 	din
1941 	ba
1953 	rc
1962 	fthe
1969 	nit
1969 	tin
1971 	der
1971 	red
2002 	res
2011 	nthe
2026 	dr
2026 	rd
2080 	det
2080 	ted
2163 	ers
2168 	sh
2195 	ver
2212 	fa
2215 	int
2218 	was
2257 	nth
2292 	gi
2297 	oft
2320 	edi
2320 	ide
2363 	ee
2372 	her
2460 	ss
2478 	s.
2486 	A
2492 	ate
2492 	eta
2515 	ct
2518 	for
2518 	rof
2527 	ty
2538 	ere
2552 	ul
2601 	ret
2601 	ter
2605 	od
2627 	ly
2640 	The
2708 	pa
2723 	are
2723 	era
2865 	ati
2865 	ita
2868 	tion
2872 	ft
2986 	ent
2997 	fe
3016 	tu
3026 	Th
3043 	ow
3043 	wo
3074 	ho
3074 	ll
3149 	im
3149 	mi
3158 	wa
3170 	ur
3368 	ge
3412 	op
3412 	po
3446 	ion
3462 	hi
3504 	ns
3623 	ew
3623 	we
3806 	gni
3806 	ing
3813 	ei
3813 	ie
3845 	ha
3873 	su
3873 	us
3878 	pe
3904 	ou
4042 	lo
4042 	ol
4146 	io
4358 	mo
4358 	om
4366 	ac
4366 	ca
4382 	ve
4441 	co
4477 	ci
4477 	ic
4487 	am
4487 	ma
4535 	di
4537 	os
4537 	so
4570 	rt
4570 	tr
4677 	gn
4677 	ng
4716 	ri
4893 	il
4893 	li
4933 	and
5180 	ce
5180 	ec
5264 	em
5555 	el
5555 	le
5665 	nt
5671 	to
5687 	b
5885 	nd
5938 	st
5938 	ts
6066 	,
6293 	is
6293 	si
6448 	as
6448 	sa
6482 	te
6556 	al
6556 	la
6601 	on
6611 	en
6611 	ne
6670 	at
6670 	ta
6886 	it
6886 	ti
6888 	w
6906 	the
6920 	or
6920 	ro
7039 	es
7039 	se
7071 	ar
7071 	ra
7083 	de
7083 	ed
7421 	in
7421 	ni
7586 	an
7586 	na
7685 	th
8013 	he
8118 	u
8132 	c
8305 	er
8305 	re
8668 	d
8816 	l
9317 	t
9391 	n
9476 	i
9488 	r
9499 	s
9511 	o
9645 	a
9726 	e
9976 	.
