1 	and'sp
1 	anycountry
1 	estofthei
1 	inhisca
1 	ishear
1 	ouspeople
1 	sarean
1 	theUnitedStatesis
1 	twerec
2 	Iwill
2 	letest
2 	nuclearweapon
2 	wolves
3 	Comple
3 	a'sr
3 	assett
3 	astandard
3 	backinto
3 	esofAmerica
3 	essupp
3 	thsofthe
3 	wereex
4 	eased.
4 	edtheR
4 	ivesand
4 	ompanyo
4 	opefor
4 	redma
4 	rmingthe
5 	an,wh
5 	comfort
5 	e'sd
5 	forag
5 	ofU.S.
5 	thesound
5 	westofthe
6 	battles
6 	ceased
6 	forta
6 	oroa
7 	Theear
7 	editions
7 	feast
7 	nwasr
7 	rinto
7 	terpro
7 	ublishin
8 	authorities
8 	bytheG
8 	consc
8 	dingS
8 	e,B
8 	nMay2
8 	recipi
8 	umbu
8 	yresi
9 	andpart
9 	arha
9 	erwitht
9 	esound
9 	fromb
9 	ncli
9 	olfr
9 	parta
10 	9households
10 	hesiteof
10 	lined
10 	rrenc
11 	dtheri
11 	establishedin1
11 	inthecom
11 	withthee
12 	'sso
12 	efficient
12 	eswiththe
12 	tments
13 	arar
13 	thecentral
14 	andthet
14 	edbyM
14 	eseas
14 	iwas
14 	lecon
14 	thattime
15 	ood.
15 	softhei
15 	tionalco
16 	Thede
16 	and15
16 	dsca
16 	edman
16 	ophi
16 	tedhi
16 	theirown
17 	empir
17 	ingba
17 	ning.
17 	residenc
17 	vesin
18 	ainand
18 	andmu
18 	fint
18 	heEuropean
18 	mandi
18 	ndtra
18 	theEuropean
19 	atesi
19 	led,
19 	rainin
19 	yofS
19 	yoff
20 	Colu
20 	See
20 	andfa
20 	oapp
20 	poem
20 	potential
21 	eback
21 	edition
21 	ently,
21 	hell
21 	in195
21 	ofwa
21 	olong
22 	,cons
22 	heiro
22 	ngeo
22 	populationwas1
22 	sandl
22 	sandso
23 	ainly
23 	andid
23 	authorit
23 	dsofthe
23 	erape
23 	erecor
23 	n,which
23 	tionas
24 	articipa
24 	dtheS
24 	eexpe
24 	estofthe
24 	gitse
25 	amag
25 	andpa
25 	dpart
25 	ingtheir
25 	swill
26 	W.
26 	aram
26 	erieso
26 	llep
27 	,theb
27 	0years
27 	pared
27 	rdsof
27 	started
28 	dministration
28 	e,andthe
28 	ebri
28 	esist
28 	farm
28 	rities
28 	ys.
29 	dation
29 	theyare
30 	andas
31 	againstthe
31 	ghly
31 	ves,
32 	arew
32 	ism.
32 	llef
32 	ralia
32 	unter
33 	ditions
33 	isman
34 	administrati
34 	alsoa
34 	theSa
35 	icen
36 	ngine
36 	oust
36 	theGre
36 	utiona
37 	2012
37 	litera
37 	sources
37 	ttime
38 	command
38 	erab
38 	international
38 	nceto
38 	nomina
38 	onala
38 	originally
38 	uton
39 	dministrati
39 	ership
39 	mfor
39 	ries,
39 	super
39 	topo
40 	andbe
40 	ed,and
40 	nandthe
42 	Comp
42 	Union
42 	anyof
42 	nasthe
43 	In200
43 	entm
43 	ociety
43 	religio
43 	rish
44 	,W
44 	ardin
44 	inthep
45 	ndsof
46 	adio
46 	lover
46 	ofther
46 	standard
46 	whichc
47 	icipa
47 	iment
47 	land,
47 	military
47 	nner
47 	tingi
48 	asion
48 	illed
48 	interest
49 	dforthe
49 	grub
49 	heearly
49 	instr
49 	rles
49 	sarea
50 	anex
50 	iset
50 	sbor
51 	rieso
51 	usedi
51 	vention
52 	entsa
52 	roject
52 	rosse
53 	easa
54 	12.
54 	aref
54 	hinthe
54 	resto
54 	settle
54 	singth
54 	usand
55 	born
55 	dforth
55 	sanda
56 	%hadsomeonelivingalonewhowas65yearsofageorolder.
56 	aiss
56 	echan
56 	mess
56 	racew
57 	Geography.
57 	theworld
57 	tofwhich
58 	inhis
58 	omplete
58 	rous
59 	inally
60 	publish
60 	redin
60 	single
61 	whichwa
62 	dthep
62 	ofindi
62 	sofs
63 	llho
63 	veri
64 	Themedianagewas
64 	dedb
64 	gran
64 	ishi
64 	rded
64 	terf
65 	estin
65 	ncluded
65 	sional
65 	terin
65 	theth
66 	0,there
66 	edal
66 	wasno
67 	edhis
67 	etter
67 	process
67 	sands
68 	egam
68 	elle
68 	esser
68 	mage
68 	singl
68 	tered
69 	ardi
69 	dswere
69 	establishe
69 	thetr
69 	unction
70 	ayer
70 	ency
70 	heear
70 	istic
71 	oundt
72 	albu
72 	ationand
72 	country
72 	esis
72 	quire
72 	ticul
73 	dchild
73 	dedth
73 	iatr
73 	ofthei
73 	range
74 	Roman
74 	cand
74 	redth
74 	seds
74 	wasin
75 	inthet
75 	llowing
75 	rpro
76 	d,and
76 	ntere
76 	versu
77 	ationofth
77 	ented
77 	esit
77 	meon
77 	organiz
77 	still
77 	table
77 	thesame
78 	Bur
78 	in18
79 	began
79 	etop
79 	ideo
79 	pote
80 	Id
80 	atast
80 	isma
80 	ntsa
81 	info
81 	mone
82 	Christ
82 	cala
82 	esou
82 	inre
82 	ners
83 	econs
83 	ette
83 	outth
83 	rned
83 	rpre
83 	teof
84 	tsto
85 	,anda
85 	Asofthe
85 	dthatt
85 	phic
85 	tcan
86 	andC
86 	ealso
86 	intothe
86 	ouldbe
88 	nish
88 	rang
88 	stothe
88 	wasr
89 	ationde
89 	ingr
89 	softhec
90 	eiro
90 	erest
90 	ffici
90 	orie
90 	prev
91 	cultur
91 	theCo
91 	thecom
92 	etir
92 	ofthet
92 	rsand
93 	After
93 	erwith
94 	itiona
95 	eries
95 	ndto
95 	wasb
96 	dsome
96 	oftheC
96 	outt
97 	elin
97 	erent
97 	rean
97 	rence
97 	tsand
99 	aster
99 	partic
100 	Thef
100 	onv
100 	oreth
100 	tures
101 	eirt
101 	ingwith
101 	ization
101 	lip
101 	nmo
101 	ofse
101 	trie
102 	inist
102 	reme
102 	thecen
102 	theri
103 	Europe
103 	eart
103 	eisa
103 	ering
103 	esam
103 	eton
103 	rces
104 	eone
104 	reven
105 	aire
105 	allow
105 	nhis
105 	omple
105 	record
106 	atsa
106 	change
106 	erap
106 	iesof
106 	prof
106 	refer
107 	eased
107 	yint
108 	enre
109 	idual
111 	recor
112 	ecent
112 	esare
112 	exc
112 	expe
112 	nstru
112 	scri
112 	will
113 	nali
114 	reac
114 	thati
114 	theUnitedStates
115 	became
115 	gewas
115 	ncet
116 	,whe
117 	dsof
117 	nota
117 	orre
117 	ttim
118 	)and
118 	ewere1
118 	hecount
118 	ially
118 	n18
118 	several
119 	lead
119 	nolo
119 	olon
119 	tast
120 	blished
120 	einthe
120 	years.
121 	eris
121 	etis
122 	ofwhi
123 	blishe
123 	istory
123 	north
124 	artic
124 	group
124 	requ
125 	evol
125 	love
125 	uction
126 	yfor
127 	audi
127 	idua
127 	mbers
128 	andl
129 	mean
130 	hero
131 	cien
131 	mini
132 	aand
132 	ives
132 	tions.
133 	iall
134 	Thepopulation
134 	enter
134 	ewith
134 	national
135 	es,and
135 	rein
135 	sland
135 	while
136 	ctions
136 	edco
136 	fall
137 	andpr
137 	ccess
137 	theme
138 	bats
138 	child
138 	hear
138 	ient
138 	utth
139 	iter
139 	lationwas
139 	provi
140 	histor
140 	ingl
140 	nomi
140 	onom
140 	serve
142 	again
142 	veral
143 	ofA
143 	thein
144 	ired
145 	ofin
145 	scon
146 	revery
147 	areve
147 	ather
147 	consi
147 	entl
147 	evera
147 	lyin
147 	ming
147 	orig
148 	sted
149 	County
150 	erand
151 	ases
151 	esso
151 	ingf
151 	osse
152 	ageor
152 	ationwas
152 	rethe
153 	Thec
153 	eea
153 	yearsof
154 	sbo
154 	tedby
155 	inis
155 	radi
155 	ringth
157 	iana
157 	ures
158 	nstr
158 	themo
158 	wing
161 	early
161 	ionand
162 	ograph
163 	hedi
163 	inin
163 	orta
163 	phy
164 	erve
165 	hite
166 	forma
166 	rper
166 	tric
166 	ttle
167 	tant
167 	using
168 	aste
168 	ating
168 	contr
168 	edbythe
169 	Thes
169 	blish
170 	Par
170 	inthec
170 	through
171 	include
171 	nua
172 	erec
172 	theB
175 	alar
177 	east
177 	gest
177 	tedto
178 	iate
178 	nthes
178 	would
179 	ionofthe
179 	nast
179 	olu
180 	edthat
180 	hrough
180 	tone
181 	divi
181 	nding
181 	oof
181 	thetown
181 	tter
182 	wass
183 	high
184 	arso
184 	make
184 	renc
185 	ionofth
185 	play
185 	ry1
186 	ies.
187 	andf
187 	family
188 	dition
188 	tsel
190 	alon
190 	sout
191 	present
192 	nted
192 	when
193 	census
194 	stof
195 	sist
197 	tedin
198 	s,the
200 	arem
200 	plac
200 	tsof
201 	ntra
202 	isthe
202 	ssen
202 	swith
203 	mem
203 	ments
203 	publi
204 	esthe
204 	ious
205 	females
205 	tabl
208 	witha
209 	earl
209 	ecen
209 	ishe
210 	indi
210 	sedt
210 	vide
211 	omeo
212 	amili
212 	ffic
212 	ityof
212 	onand
212 	onsa
213 	His
213 	evil
214 	enthe
214 	thepr
215 	andw
215 	ext
215 	large
215 	median
215 	seve
215 	thepopulation
216 	ange
216 	inh
217 	peri
218 	ivil
218 	livi
218 	tart
218 	therewere
218 	trat
220 	teri
221 	ease
221 	ivin
222 	between
222 	cens
222 	mag
222 	theh
224 	ffer
224 	underthe
225 	andin
226 	America
226 	istor
227 	orfe
227 	prese
229 	and1
229 	etra
231 	epar
231 	sinc
232 	ingin
232 	theto
233 	This
233 	tates
233 	thecity
236 	tion,
237 	etow
237 	ofthec
237 	oup
237 	sinthe
239 	oret
239 	rds
241 	To
241 	roce
246 	many
246 	resid
247 	people
248 	erin
248 	heme
249 	hera
250 	egan
250 	rope
251 	ente
251 	niti
252 	isth
253 	anu
253 	rest
254 	epre
255 	edas
256 	thatt
256 	vent
257 	201
258 	asse
259 	ider
259 	tern
260 	ains
260 	ember
261 	erse
261 	households
262 	hist
263 	dthat
264 	lsa
264 	rough
266 	ative
266 	they
268 	nly
269 	ark
269 	arti
269 	ewi
269 	king
269 	tyof
271 	twas
272 	cie
274 	ogra
275 	allo
276 	ationo
276 	isti
277 	ille
277 	sthat
277 	tere
278 	andp
279 	mple
280 	sent
281 	esand
281 	nation
281 	olde
282 	ught
283 	dinthe
283 	hter
283 	reth
283 	thew
284 	esto
284 	itse
285 	aleh
285 	ngin
285 	than
286 	first
286 	rage
287 	llow
287 	pea
288 	esin
288 	rand
288 	sag
288 	serv
289 	4,
289 	female
291 	eran
292 	inter
296 	bythe
296 	dian
297 	aed
297 	cess
297 	dea
297 	pers
297 	rs.
298 	into
299 	rsof
300 	anin
303 	ress
303 	ries
304 	There
304 	meo
304 	nist
304 	tsin
305 	theb
308 	fter
308 	nwas
308 	pac
310 	theC
311 	ensi
311 	inst
312 	gat
312 	stra
312 	tofthe
312 	used
313 	even
314 	able
314 	count
314 	ism
314 	roft
315 	edia
316 	most
317 	uld
318 	atin
318 	sli
319 	eren
320 	12
320 	esen
320 	nese
320 	ration
321 	esta
323 	ement
324 	household
325 	non
326 	stan
329 	resi
329 	withthe
330 	isto
331 	sou
333 	ais
335 	isre
337 	aus
338 	,which
339 	time
340 	ited
341 	Uni
343 	ada
343 	bor
343 	forthe
347 	name
348 	ici
349 	hepopulation
350 	isl
353 	swere
355 	city
355 	sam
356 	asthe
356 	tain
357 	ters
357 	witht
359 	ata
360 	reat
360 	vera
361 	area
362 	iden
362 	nedi
363 	their
366 	dnat
366 	isp
366 	ster
366 	tand
368 	cons
368 	ered
368 	forth
369 	ition
370 	herewere
373 	medi
373 	vis
374 	ationa
374 	esof
375 	Hi
375 	igni
375 	ingi
377 	cial
377 	ings
377 	nera
378 	osa
379 	ning
380 	eop
382 	s,and
382 	stor
383 	tedt
384 	ruc
386 	come
389 	erv
389 	uth
390 	hold
391 	famil
392 	fol
392 	sci
393 	dso
393 	hre
393 	theco
394 	thee
396 	rese
397 	cent
401 	ndin
406 	dint
406 	eofthe
407 	ations
407 	comm
408 	tional
408 	vers
410 	thel
410 	years
414 	Ther
414 	itan
414 	nati
414 	pan
415 	cho
417 	,whi
417 	ingto
420 	emos
421 	pres
423 	erat
423 	nel
424 	nand
424 	tle
426 	andi
430 	inte
430 	nsu
430 	under
431 	dat
431 	she
433 	hew
433 	ion.
436 	orthe
437 	ates
437 	mber
438 	population
439 	cont
440 	dam
440 	softhe
441 	200
441 	alle
441 	sare
443 	Pa
445 	sing
447 	ece
452 	erthe
453 	econ
455 	amil
456 	ses
458 	ight
459 	ythe
460 	sma
461 	isr
462 	fort
463 	rag
464 	part
465 	ater
465 	ewere
465 	reta
466 	ara
470 	gen
471 	ence
473 	tionof
473 	ture
474 	atu
475 	ake
475 	ents
475 	sco
476 	mbe
476 	ouse
477 	tive
479 	ears
480 	hee
480 	ound
482 	eal
482 	eand
483 	atthe
484 	also
485 	anda
485 	ional
486 	Ge
486 	eG
486 	eds
486 	sde
491 	osi
500 	hous
505 	De
505 	enti
506 	ring
507 	eral
508 	ewas
510 	sus
511 	tiono
512 	rati
513 	sha
521 	nter
524 	ingthe
526 	abl
527 	onth
528 	ang
528 	form
528 	hthe
530 	on,
532 	mes
534 	inga
539 	low
544 	ves
547 	hin
552 	ction
553 	ount
553 	side
554 	onal
558 	ionof
560 	erof
560 	fore
560 	shi
561 	ual
569 	ven
572 	thet
581 	alo
581 	epr
581 	sion
583 	ews
583 	ofs
584 	hy
586 	land
586 	mar
586 	ram
586 	thei
587 	es,
588 	edthe
588 	ong
589 	ett
595 	lis
601 	ewe
602 	efor
606 	tiona
607 	edby
607 	lation
608 	n1
609 	cou
610 	ingth
613 	ntr
616 	lea
630 	ally
634 	there
635 	thea
643 	hef
648 	cor
648 	orth
648 	roc
650 	tim
658 	andthe
660 	agn
661 	ars
661 	sra
671 	tai
678 	tions
681 	nts
685 	ric
690 	han
691 	hed
691 	ree
692 	ish
701 	nda
701 	nst
703 	rou
706 	18
708 	tir
713 	ene
713 	ph
713 	tothe
716 	over
717 	gnit
717 	ins
717 	ting
719 	ever
719 	reve
721 	edto
722 	sar
723 	them
724 	ori
725 	eme
728 	which
731 	llo
733 	asa
734 	igh
752 	iona
753 	del
753 	led
773 	ora
775 	opu
776 	lati
780 	edin
787 	can
791 	y.
796 	cha
800 	ple
801 	eat
801 	edth
801 	net
802 	00
804 	thep
815 	cen
824 	tthe
825 	ode
830 	ant
830 	eas
832 	ndth
834 	ure
844 	ena
854 	efo
856 	ions
858 	20
858 	ial
858 	lai
861 	arg
861 	gra
863 	ern
866 	ean
871 	Co
878 	hic
885 	andt
891 	mil
897 	ding
898 	ami
910 	ula
913 	ime
916 	att
920 	ese
922 	pre
928 	sthe
928 	thes
930 	rin
934 	ethe
934 	sand
936 	es.
943 	ian
949 	rec
955 	eci
960 	nte
965 	eli
965 	ile
968 	out
971 	from
977 	rthe
978 	thec
981 	hem
981 	nti
982 	ment
983 	par
983 	rap
984 	und
985 	ous
986 	tof
990 	ect
991 	hea
998 	ndi
1019 	nin
1020 	W
1023 	rie
1029 	ingt
1032 	ste
1050 	iss
1057 	asi
1057 	isa
1096 	ill
1102 	that
1110 	In
1111 	hep
1112 	rts
1112 	str
1120 	ell
1120 	lle
1125 	,the
1125 	iti
1129 	ove
1142 	epo
1142 	not
1160 	oun
1164 	inc
1167 	here
1167 	ity
1170 	les
1173 	ran
1175 	cit
1188 	tis
1194 	eto
1198 	eve
1200 	ain
1202 	inthe
1202 	were
1205 	tor
1207 	als
1209 	ale
1211 	ner
1215 	eti
1215 	ite
1236 	man
1249 	esi
1249 	ise
1259 	eso
1277 	com
1280 	ess
1280 	sse
1288 	sta
1304 	nde
1305 	pro
1314 	den
1314 	ned
1317 	eco
1328 	dthe
1334 	des
1344 	tar
1347 	ona
1360 	lar
1360 	ral
1361 	his
1369 	with
1376 	sto
1387 	sth
1397 	wit
1419 	eof
1428 	con
1431 	rth
1437 	rea
1439 	per
1443 	ast
1443 	tsa
1448 	gh
1462 	,and
1462 	use
1464 	ear
1468 	ase
1475 	ub
1485 	age
1485 	ega
1509 	P
1518 	sof
1529 	ade
1529 	eri
1529 	ire
1533 	ert
1540 	emo
1540 	ome
1560 	edt
1580 	og
1611 	hes
1627 	tha
1635 	ani
1657 	ame
1657 	ema
1661 	ons
1684 	ist
1735 	ort
1741 	ero
1741 	ore
1754 	art
1754 	tra
1761 	du
1795 	ther
1870 	gr
1883 	est
1891 	sin
1949 	din
1959 	res
1959 	ser
1964 	der
1964 	red
1966 	I
1981 	tin
1989 	ted
1993 	ofthe
1997 	all
2003 	ation
2019 	nthe
2058 	ofth
2130 	rev
2130 	ver
2134 	int
2147 	ls
2203 	ers
2203 	sre
2237 	was
2250 	edi
2250 	ide
2325 	ee
2378 	ate
2411 	oft
2411 	tfo
2438 	pr
2476 	for
2504 	s.
2517 	her
2532 	ter
2566 	ct
2596 	ere
2643 	ap
2690 	od
2709 	The
2738 	are
2738 	era
2807 	eo
2808 	ag
2906 	ch
2915 	1
2926 	ent
2926 	tne
2942 	ati
2983 	tion
3018 	tio
3089 	Th
3126 	ll
3504 	hi
3602 	ns
3603 	ion
3759 	ing
3888 	us
3903 	ha
4095 	lo
4095 	ol
4316 	ve
4366 	mo
4366 	om
4373 	ci
4373 	ic
4398 	co
4443 	di
4524 	so
4635 	am
4635 	ma
4726 	ir
4825 	ea
4899 	and
4899 	il
5290 	em
5290 	me
5575 	nt
5637 	el
5637 	le
5692 	to
5910 	st
6236 	of
6415 	et
6415 	te
6419 	is
6573 	en
6573 	ne
6624 	at
6624 	ta
6649 	al
6649 	la
6709 	on
6883 	it
6883 	ti
6971 	the
7006 	es
7006 	se
7028 	de
7028 	ed
7034 	or
7034 	ro
7055 	ar
7055 	ra
7072 	y
7311 	in
7530 	an
8091 	he
8306 	er
8306 	re
8850 	l
9057 	h
9396 	n
9419 	i
9513 	o
9521 	s
9615 	a
9715 	e
9972 	.
